# Host: 127.0.01  (Version 8.0.11)
# Date: 2018-07-01 15:56:45
# Generator: MySQL-Front 6.0  (Build 2.20)


#
# Structure for table "migrations"
#

DROP TABLE IF EXISTS `migrations`;
CREATE TABLE `migrations` (
  `id` int(10) unsigned NOT NULL AUTO_INCREMENT,
  `migration` varchar(255) COLLATE utf8mb4_unicode_ci NOT NULL,
  `batch` int(11) NOT NULL,
  PRIMARY KEY (`id`)
) ENGINE=InnoDB AUTO_INCREMENT=5 DEFAULT CHARSET=utf8mb4 COLLATE=utf8mb4_unicode_ci;

#
# Data for table "migrations"
#

INSERT INTO `migrations` VALUES (1,'2014_10_12_000000_create_users_table',1),(2,'2014_10_12_100000_create_password_resets_table',1),(3,'2018_06_29_105018_create_products_table',1),(4,'2018_06_29_105142_create_reviews_table',1);

#
# Structure for table "password_resets"
#

DROP TABLE IF EXISTS `password_resets`;
CREATE TABLE `password_resets` (
  `email` varchar(255) COLLATE utf8mb4_unicode_ci NOT NULL,
  `token` varchar(255) COLLATE utf8mb4_unicode_ci NOT NULL,
  `created_at` timestamp NULL DEFAULT NULL,
  KEY `password_resets_email_index` (`email`)
) ENGINE=InnoDB DEFAULT CHARSET=utf8mb4 COLLATE=utf8mb4_unicode_ci;

#
# Data for table "password_resets"
#


#
# Structure for table "products"
#

DROP TABLE IF EXISTS `products`;
CREATE TABLE `products` (
  `id` int(10) unsigned NOT NULL AUTO_INCREMENT,
  `name` varchar(255) COLLATE utf8mb4_unicode_ci NOT NULL,
  `detail` text COLLATE utf8mb4_unicode_ci NOT NULL,
  `price` int(11) NOT NULL,
  `stock` int(11) NOT NULL,
  `discount` int(11) NOT NULL,
  `created_at` timestamp NULL DEFAULT NULL,
  `updated_at` timestamp NULL DEFAULT NULL,
  PRIMARY KEY (`id`)
) ENGINE=InnoDB DEFAULT CHARSET=utf8mb4 COLLATE=utf8mb4_unicode_ci;

#
# Data for table "products"
#

INSERT INTO `products` VALUES (1,'explicabo','Esse id id voluptatem suscipit ullam sit. Amet ab sed dignissimos qui ducimus et. Nesciunt voluptatem neque voluptatem quibusdam quis rerum. Voluptatum quia error reprehenderit.',822,3,37,'2018-07-01 08:51:53','2018-07-01 08:51:53'),(2,'tempore','Accusantium cupiditate inventore eligendi itaque voluptas. Recusandae et ut iusto dolorum enim quasi excepturi. Ut eveniet libero odio temporibus consequatur.',516,3,2,'2018-07-01 08:51:53','2018-07-01 08:51:53'),(3,'temporibus','Iure repudiandae temporibus ut voluptate quibusdam. Nam repudiandae officiis eos dolorum eaque reprehenderit. Est reiciendis sint qui minus molestiae sed. Beatae et soluta officiis illum pariatur quo et sequi.',345,7,30,'2018-07-01 08:51:53','2018-07-01 08:51:53'),(4,'dolorem','Omnis doloribus necessitatibus ut atque voluptates eius. Non sint aut incidunt minima harum soluta aut. Unde voluptates totam mollitia quo quae.',782,9,30,'2018-07-01 08:51:53','2018-07-01 08:51:53'),(5,'laborum','Omnis fugit eius repellat earum debitis. Voluptatibus consectetur aliquam adipisci qui. Quo ut nam culpa et recusandae. Dolor sit vero asperiores animi eum sit. Accusamus velit quia voluptatem praesentium nisi voluptate architecto.',175,1,31,'2018-07-01 08:51:53','2018-07-01 08:51:53'),(6,'natus','Et deserunt neque placeat similique qui eligendi totam. Quis magnam et animi deserunt harum error est.',366,0,27,'2018-07-01 08:51:53','2018-07-01 08:51:53'),(7,'nobis','Recusandae perferendis rerum culpa commodi. Sit maxime sint est est. A sint vitae voluptatem.',770,5,33,'2018-07-01 08:51:53','2018-07-01 08:51:53'),(8,'ex','Adipisci doloremque modi magni et odit. Temporibus est dignissimos quis et placeat. Quo possimus minima sunt quisquam et dignissimos dicta. Quia fugiat velit ad pariatur placeat rem.',827,6,42,'2018-07-01 08:51:53','2018-07-01 08:51:53'),(9,'eos','Molestiae rerum voluptatem est velit nobis facilis. Temporibus animi sunt occaecati assumenda facilis atque. Quis labore rerum consequatur eligendi. Hic et corporis qui.',308,7,25,'2018-07-01 08:51:53','2018-07-01 08:51:53'),(10,'et','Odit tempore quas modi rem consequuntur dolor labore quo. Corrupti officiis ipsum quod in. Vel sed ea similique qui et. Numquam praesentium quos fugit repellendus nostrum atque et cumque.',893,4,16,'2018-07-01 08:51:53','2018-07-01 08:51:53'),(11,'omnis','Odit esse repellat iste possimus quibusdam. Alias est quo totam inventore voluptatum et aut.',292,1,2,'2018-07-01 08:51:53','2018-07-01 08:51:53'),(12,'iste','Consequatur fugit et inventore omnis dolorem. Voluptatibus quis excepturi quia cum unde omnis atque. Et eos magnam temporibus excepturi tempora provident. Facilis maiores qui sed enim.',563,2,3,'2018-07-01 08:51:53','2018-07-01 08:51:53'),(13,'accusamus','Saepe dolorem ut itaque. Eos quisquam ipsam doloremque ea in inventore nostrum aut. Voluptates sed expedita beatae rerum. Quasi nostrum sit enim eum enim labore.',439,2,20,'2018-07-01 08:51:53','2018-07-01 08:51:53'),(14,'optio','Quas placeat recusandae eos eum officiis. Voluptas doloribus minima delectus ut eos dolore.',221,7,42,'2018-07-01 08:51:53','2018-07-01 08:51:53'),(15,'accusantium','Ipsum dicta quod error eos voluptatum aut in illum. Eaque sit officia dolorem ex officia dolores fugiat quidem. Optio nostrum quia labore cum. Dolores ad sapiente adipisci facere impedit molestias. Autem aut et expedita ipsa adipisci qui esse odit.',766,4,31,'2018-07-01 08:51:53','2018-07-01 08:51:53'),(16,'harum','Est ut aliquid quas. Autem ullam fuga eaque blanditiis. Excepturi ea eveniet tenetur perspiciatis saepe inventore omnis nesciunt. Est consequatur et in atque in voluptates sit.',992,8,29,'2018-07-01 08:51:53','2018-07-01 08:51:53'),(17,'totam','Quaerat omnis itaque quam. Iure sapiente pariatur vel autem sunt voluptatem. Dolor impedit quasi consequuntur voluptates libero at consequatur.',911,4,35,'2018-07-01 08:51:53','2018-07-01 08:51:53'),(18,'aut','Possimus omnis in aliquid deserunt et. Eum aut vel et sint vitae cupiditate iusto. Provident veritatis fugiat facere ut. Quae deleniti facere et et distinctio.',285,0,2,'2018-07-01 08:51:53','2018-07-01 08:51:53'),(19,'non','Et sunt porro repellendus magni ut. Minus omnis excepturi enim reiciendis aut perspiciatis impedit. Perferendis culpa voluptatum molestiae error enim velit laboriosam. Est consequatur voluptatem vitae.',523,1,49,'2018-07-01 08:51:53','2018-07-01 08:51:53'),(20,'beatae','Est omnis ex occaecati sit. Magnam doloribus sed corporis consequatur sequi. Eveniet vel modi adipisci beatae voluptatem.',639,8,39,'2018-07-01 08:51:53','2018-07-01 08:51:53'),(21,'non','Ullam facere ducimus impedit dolorem voluptas provident. Quo non eum qui et. Occaecati consectetur vel accusantium ut sint non.',480,2,30,'2018-07-01 08:51:53','2018-07-01 08:51:53'),(22,'voluptates','Voluptatum excepturi eos neque sequi illum nihil. Nostrum qui quia iusto at distinctio fugiat rem natus. Magni omnis non id in velit quos sit.',581,8,29,'2018-07-01 08:51:53','2018-07-01 08:51:53'),(23,'aut','Illum ratione ducimus ad quo sunt ea esse. Id occaecati rerum dolor est vero eum sit. Qui sint in labore repellendus et. Sequi eius ipsam saepe.',729,6,23,'2018-07-01 08:51:53','2018-07-01 08:51:53'),(24,'nesciunt','Aut eligendi itaque labore quo nisi cum. Aperiam cum illum quis molestiae autem laboriosam ducimus eum. Consequatur ut maiores nesciunt autem consequuntur.',981,8,13,'2018-07-01 08:51:53','2018-07-01 08:51:53'),(25,'et','Dolorem et ullam dolore at nihil aut qui. Provident sit voluptatem sunt corrupti sed. Impedit natus quasi doloribus et cumque. Eius et vero voluptas voluptatem quam voluptas vitae.',515,7,11,'2018-07-01 08:51:53','2018-07-01 08:51:53'),(26,'sed','Tempora quaerat ullam vero voluptas ut. Est voluptatem autem est debitis consequatur. Cupiditate quas molestiae doloremque ea harum tempore pariatur.',110,9,50,'2018-07-01 08:51:53','2018-07-01 08:51:53'),(27,'labore','Aut itaque id sit rerum. Repellat dolorem praesentium voluptatum. Aut et dolorem nam natus enim quia est. Optio est ut odio dignissimos ab.',486,8,45,'2018-07-01 08:51:53','2018-07-01 08:51:53'),(28,'quia','Consequuntur beatae aliquid eligendi. Autem perferendis ducimus nulla facere aut. Suscipit autem aliquam maiores inventore. Saepe quas est ratione ratione ratione odit autem unde.',231,8,36,'2018-07-01 08:51:53','2018-07-01 08:51:53'),(29,'in','Fugiat fugiat facere ipsam quis aut esse recusandae. Animi vel veritatis sint praesentium. Iusto ut sed commodi provident dolor ut tempore dolorem. Quis tenetur qui officia eos quia perspiciatis.',943,8,13,'2018-07-01 08:51:53','2018-07-01 08:51:53'),(30,'id','Dolorem eius dolor est aut minima ea ut. Dolorem aut rem harum enim numquam aut ut. Quisquam recusandae magnam unde fuga dolor est vel fuga. Vel non illum voluptatem aliquid quidem debitis sed.',265,8,14,'2018-07-01 08:51:53','2018-07-01 08:51:53'),(31,'ab','Repellat soluta voluptatem fugit porro voluptas. Nobis quia labore ipsum cumque saepe saepe suscipit culpa. Ipsam sapiente sed voluptatem.',107,6,34,'2018-07-01 08:51:53','2018-07-01 08:51:53'),(32,'alias','Voluptate molestiae suscipit eos qui ex. Dolorem aliquid deserunt eaque cum rerum vel.',207,7,34,'2018-07-01 08:51:53','2018-07-01 08:51:53'),(33,'nulla','Consequatur et sed distinctio aspernatur accusamus veritatis et. Inventore rerum vitae aut qui. Dolores qui voluptatum architecto. Corrupti ea doloribus sit velit quia maiores ad.',210,8,31,'2018-07-01 08:51:53','2018-07-01 08:51:53'),(34,'minus','Cupiditate doloremque ipsum pariatur vel ea. Animi odio quos deleniti minima.',788,9,23,'2018-07-01 08:51:53','2018-07-01 08:51:53'),(35,'voluptatum','Qui est laborum ratione dolores et odit corporis laborum. Fuga aut dolorem ipsam officiis nulla. Expedita in magni vitae architecto officiis ut dolore. Magni accusantium beatae tempore.',500,8,18,'2018-07-01 08:51:53','2018-07-01 08:51:53'),(36,'ratione','Fugit corrupti inventore molestiae eos reprehenderit omnis sed. Quasi iusto maiores laboriosam. Est vel in porro dicta a et. Impedit et qui assumenda dolorum id eum.',218,5,26,'2018-07-01 08:51:53','2018-07-01 08:51:53'),(37,'optio','Adipisci ratione excepturi impedit sunt qui quo accusamus. Alias est est consequuntur consequatur consequatur quia. Sit neque delectus amet occaecati omnis quo reprehenderit. Quia at quia quisquam incidunt vel harum nostrum odit. Temporibus aut consequatur autem omnis.',443,6,35,'2018-07-01 08:51:53','2018-07-01 08:51:53'),(38,'enim','Sit est eius explicabo sed asperiores et dolorum. Repellat a laudantium officiis nisi doloremque dolore. Earum ut quas odio quisquam facere saepe. Nisi omnis vero aliquid eius qui.',878,4,33,'2018-07-01 08:51:53','2018-07-01 08:51:53'),(39,'recusandae','Et consequatur quasi omnis voluptatem quod similique qui. Alias suscipit minus itaque odit autem nam. Itaque qui ducimus et quis repellendus commodi.',118,9,30,'2018-07-01 08:51:53','2018-07-01 08:51:53'),(40,'omnis','Labore rerum architecto recusandae culpa aliquid. Distinctio quis voluptatum odit in cupiditate. Aut et et voluptate aut eius aut.',495,9,23,'2018-07-01 08:51:53','2018-07-01 08:51:53'),(41,'ad','Quia reiciendis quisquam excepturi. Earum illum eos sunt porro ea repellat ut.',513,4,12,'2018-07-01 08:51:53','2018-07-01 08:51:53'),(42,'molestiae','Optio voluptas et culpa eos distinctio quibusdam. Incidunt error et et enim sint qui. Id quaerat ut praesentium suscipit blanditiis autem quia.',512,8,24,'2018-07-01 08:51:53','2018-07-01 08:51:53'),(43,'quis','Dolorem harum ab reiciendis enim eveniet est. Libero aliquam est nam. Voluptas adipisci iste tempore voluptatum aut consequuntur.',892,7,38,'2018-07-01 08:51:53','2018-07-01 08:51:53'),(44,'temporibus','Vitae optio non possimus ut. Et quisquam sit voluptas sequi facere soluta inventore. Laudantium itaque cumque sit at molestiae. Occaecati porro suscipit ipsa eos quis.',498,3,11,'2018-07-01 08:51:53','2018-07-01 08:51:53'),(45,'in','Minus est rerum culpa possimus nobis nihil quae. Libero inventore et repudiandae est voluptatem est voluptatem. Ex animi id quam unde unde voluptatum. Voluptatum vitae optio autem voluptatem.',688,2,39,'2018-07-01 08:51:53','2018-07-01 08:51:53'),(46,'dolore','Neque ut rem libero sint. Quia perspiciatis iure ut rerum quibusdam iure sed sed. Ut non et molestiae quidem nostrum eius.',726,6,42,'2018-07-01 08:51:53','2018-07-01 08:51:53'),(47,'hic','Pariatur quos tenetur molestiae blanditiis excepturi ipsa vel. Vitae possimus neque vel vel nesciunt pariatur. Natus neque iste quibusdam est explicabo rerum ipsa. Voluptates unde eligendi earum veniam illum nesciunt et. Quod rerum consequatur dolores.',580,9,4,'2018-07-01 08:51:53','2018-07-01 08:51:53'),(48,'et','Est animi quae quia impedit. Est et ab labore dolores. Autem qui cum dolores molestias adipisci.',780,4,6,'2018-07-01 08:51:53','2018-07-01 08:51:53'),(49,'iure','Atque labore quia facere iste est dolorum laborum. Illo magnam mollitia laudantium ullam sunt dolor. Nostrum in ipsam enim dolor. Quam sed fuga deserunt praesentium dolores doloribus alias.',112,2,44,'2018-07-01 08:51:53','2018-07-01 08:51:53'),(50,'pariatur','Totam perferendis sunt est placeat occaecati expedita. Consequatur vero dolore quia ducimus ut consectetur. Velit tenetur doloribus voluptas ipsam debitis et. Eum alias dolor debitis voluptate facere commodi.',229,1,14,'2018-07-01 08:51:53','2018-07-01 08:51:53'),(51,'repellat','Explicabo vel ut et et quia quod. Nostrum repellendus non voluptatem molestiae unde quia. Debitis asperiores maiores corporis error veritatis. Voluptatem eum et repellendus eligendi consequatur qui.',307,9,5,'2018-07-01 08:52:40','2018-07-01 08:52:40'),(52,'optio','Ipsa quos rerum culpa omnis voluptatibus occaecati ut. Ipsa non deserunt voluptate culpa veniam. Velit incidunt sint consequatur at et culpa. Cupiditate repellendus laborum dolores libero.',733,0,21,'2018-07-01 08:52:40','2018-07-01 08:52:40'),(53,'alias','Qui voluptatem aut ut aut eaque in dolorem. Corrupti magnam totam at quam impedit dolore ipsa. Sit consequuntur numquam quo non. Nemo voluptatem quasi cumque voluptas saepe et.',770,4,11,'2018-07-01 08:52:40','2018-07-01 08:52:40'),(54,'quaerat','Vel et architecto voluptatem est optio. Aut magni laboriosam sint quasi non. Nesciunt quas optio quibusdam perferendis voluptatem fugiat placeat. At accusamus tenetur architecto tenetur nesciunt voluptatibus.',834,0,24,'2018-07-01 08:52:40','2018-07-01 08:52:40'),(55,'tempora','Nostrum et sunt dolores doloremque quaerat. Laudantium laborum voluptatum aut quas sed. Omnis dolor sapiente doloremque maiores ipsum atque.',374,3,16,'2018-07-01 08:52:40','2018-07-01 08:52:40'),(56,'voluptates','Et quod fugiat error consequatur facilis. Suscipit corrupti eos et. Tenetur corporis nihil impedit saepe.',431,4,46,'2018-07-01 08:52:40','2018-07-01 08:52:40'),(57,'tempore','Non quia aut est veniam porro ad assumenda quia. Minus dicta enim ipsam facere et amet dignissimos. Cumque molestiae molestias eveniet et cumque a.',640,8,31,'2018-07-01 08:52:40','2018-07-01 08:52:40'),(58,'nulla','Quo molestiae aut tempore delectus labore perferendis. Ut molestiae corrupti quia voluptatem odio unde. Sint nihil eius aut eum ex odio amet. Possimus atque aliquid temporibus ut quis.',332,6,13,'2018-07-01 08:52:40','2018-07-01 08:52:40'),(59,'ullam','Officia consectetur cumque debitis. A sunt consequatur id nisi consequatur occaecati quaerat. Asperiores exercitationem dolore et exercitationem. Veritatis excepturi reiciendis corporis sit.',891,1,32,'2018-07-01 08:52:40','2018-07-01 08:52:40'),(60,'aut','Quo dicta dignissimos nulla vitae vel in. Voluptas fugit sapiente quia earum odit sunt. Quos asperiores praesentium ea suscipit atque sunt ipsa maiores. Facere sed suscipit aut qui quia voluptates animi.',393,5,8,'2018-07-01 08:52:40','2018-07-01 08:52:40'),(61,'quaerat','Modi explicabo vitae consequatur minima repudiandae molestias quam. Consequatur mollitia dicta aliquam nam quo odio totam. Architecto inventore architecto similique repellendus.',812,7,34,'2018-07-01 08:52:40','2018-07-01 08:52:40'),(62,'quam','Corrupti distinctio explicabo qui in aliquam. Incidunt officia molestiae maxime enim. Nihil sit nostrum fuga numquam aut sit animi.',286,7,13,'2018-07-01 08:52:40','2018-07-01 08:52:40'),(63,'quasi','Aut et ipsa veniam qui et voluptas. Est eveniet beatae eveniet animi quos. Perspiciatis exercitationem aperiam aliquid perferendis dolores ab nobis. Nesciunt consequatur ratione nulla autem magni.',132,9,8,'2018-07-01 08:52:40','2018-07-01 08:52:40'),(64,'eum','Eos voluptates sapiente nihil perferendis eaque eaque fugiat. Temporibus repudiandae cum omnis numquam dolores voluptas quisquam. Repudiandae qui non molestiae nihil sit tempore omnis. At eaque occaecati ut ad nam.',611,7,22,'2018-07-01 08:52:40','2018-07-01 08:52:40'),(65,'recusandae','Laborum earum perspiciatis quia officia deleniti dicta omnis. Aut quae ex qui ab. Veniam mollitia eligendi error. Nam aut et itaque perferendis numquam.',760,0,24,'2018-07-01 08:52:40','2018-07-01 08:52:40'),(66,'earum','Earum hic earum tenetur. Quia omnis quia et voluptas aspernatur magni. Aliquid aut quia consequatur illo. Laborum enim ipsa tenetur est illum.',175,6,20,'2018-07-01 08:52:40','2018-07-01 08:52:40'),(67,'voluptatibus','Blanditiis et quos ut omnis nesciunt eos qui. Molestias at magnam nulla numquam. Aut delectus sunt qui quidem odit et. Voluptate accusamus ad aliquam mollitia sunt laudantium omnis.',937,8,43,'2018-07-01 08:52:40','2018-07-01 08:52:40'),(68,'quia','Animi et delectus libero veritatis qui. Rem ad officiis dolorem fuga nihil deserunt. Omnis qui ut corporis eaque nulla dolorem. Aut molestias inventore voluptatibus sit. Accusantium consequatur tempore dolor.',493,5,47,'2018-07-01 08:52:40','2018-07-01 08:52:40'),(69,'blanditiis','Voluptates voluptatibus incidunt sed numquam alias ad ut. Dolorem illum accusamus itaque dolor consectetur asperiores. Inventore ipsum optio adipisci sit autem. Dolorem maxime minus eos autem ut vitae.',981,5,40,'2018-07-01 08:52:40','2018-07-01 08:52:40'),(70,'et','Dicta dolorem quam sint reprehenderit deleniti asperiores. Qui doloribus et reprehenderit eligendi delectus quasi. Rem et expedita distinctio asperiores. Sapiente consequatur omnis amet nostrum.',606,3,49,'2018-07-01 08:52:40','2018-07-01 08:52:40'),(71,'tempore','Eos ea possimus sit et sunt et et. Ipsam praesentium vitae eaque numquam quasi. Nihil laboriosam qui voluptatum aut.',350,9,47,'2018-07-01 08:52:40','2018-07-01 08:52:40'),(72,'est','Dolorem culpa et veniam distinctio corrupti minima. Natus id id quia eos et. Ut voluptas cum facilis.',732,9,24,'2018-07-01 08:52:40','2018-07-01 08:52:40'),(73,'perferendis','Ad atque ipsa id optio ipsum non consequatur veritatis. Nam aut expedita error consequatur magnam consequatur. Officiis id porro dolore reiciendis ullam ut commodi.',228,7,22,'2018-07-01 08:52:40','2018-07-01 08:52:40'),(74,'sed','Adipisci eos nisi ut laboriosam quis sit id id. Nostrum et tempore dolorem sit voluptatum ea. Eaque id ratione sit ut.',954,9,17,'2018-07-01 08:52:40','2018-07-01 08:52:40'),(75,'porro','Omnis qui et aut eaque modi. Accusantium commodi eveniet expedita.',590,3,2,'2018-07-01 08:52:40','2018-07-01 08:52:40'),(76,'velit','Eaque veniam voluptas accusantium dolores quae et. Impedit id dolor sequi quod nostrum repellat nesciunt. Et nemo eum voluptas accusantium ullam voluptas non.',175,8,5,'2018-07-01 08:52:40','2018-07-01 08:52:40'),(77,'culpa','Odit nam corrupti earum fugiat quidem. Nihil animi autem cum aliquid dolores commodi. Culpa dolores aliquid sit perferendis. Et sunt perspiciatis hic accusantium ipsum non temporibus architecto.',475,7,17,'2018-07-01 08:52:40','2018-07-01 08:52:40'),(78,'ex','Dolorem consequuntur illo molestiae nihil nihil. Numquam consequuntur non dolore. Dolor nam culpa voluptatum laudantium rerum occaecati. Unde cum provident voluptatibus dignissimos illum laboriosam recusandae.',279,7,43,'2018-07-01 08:52:40','2018-07-01 08:52:40'),(79,'cum','Eligendi quaerat consequuntur alias autem laudantium. Aut quis nulla eos consequuntur eligendi quos molestiae. Non neque omnis dolores molestiae officia quo possimus.',692,5,16,'2018-07-01 08:52:40','2018-07-01 08:52:40'),(80,'ratione','Non molestias tenetur est deserunt nam. Autem quibusdam delectus culpa ea ex molestiae vitae expedita. Vel delectus voluptatem veniam reprehenderit.',923,3,27,'2018-07-01 08:52:40','2018-07-01 08:52:40'),(81,'magnam','Mollitia rem pariatur molestiae omnis aut incidunt eaque. Nisi fugit rerum autem quae vitae in voluptates. Sed eveniet dolor saepe cupiditate ea. Omnis omnis reprehenderit doloremque dolores.',781,5,43,'2018-07-01 08:52:40','2018-07-01 08:52:40'),(82,'voluptatem','Amet explicabo ut consectetur dolorum ipsum eos cumque. Est eius ratione ut nisi. Voluptatem quam voluptas voluptatibus iste voluptatibus. Quis iste qui saepe saepe autem. A iure ipsum qui rerum mollitia.',893,5,33,'2018-07-01 08:52:40','2018-07-01 08:52:40'),(83,'ut','Qui distinctio quae quod est repellat. Ullam esse enim dolorem a itaque corporis. Minus vero ducimus neque labore dolor.',290,4,47,'2018-07-01 08:52:40','2018-07-01 08:52:40'),(84,'qui','Sunt sapiente necessitatibus eligendi. Voluptates minima sunt tempora vero et placeat amet. Odit qui consequuntur modi id. Explicabo sed sit aut et architecto ea.',770,0,36,'2018-07-01 08:52:40','2018-07-01 08:52:40'),(85,'maiores','Illo eius magnam sed placeat sapiente. Est soluta voluptas voluptatem quidem nobis aut.',172,5,48,'2018-07-01 08:52:40','2018-07-01 08:52:40'),(86,'ipsum','Quasi tempore architecto sint aut nam. Rem et laudantium eos aut et voluptatem dolor. Sit consequatur voluptas non sequi incidunt.',651,0,16,'2018-07-01 08:52:40','2018-07-01 08:52:40'),(87,'omnis','In sit eligendi at hic qui. Repellendus earum ab veritatis temporibus perferendis. Vel voluptatem ipsa facilis occaecati aut. Dolorem et aut et modi. Qui voluptate eaque quis distinctio sunt deleniti.',834,0,20,'2018-07-01 08:52:40','2018-07-01 08:52:40'),(88,'laboriosam','Autem sit recusandae et occaecati veniam cum eius. Dolorem dolorem possimus quia consectetur est ipsa. Eveniet quas expedita vel non. Architecto optio amet facilis qui id.',511,0,4,'2018-07-01 08:52:40','2018-07-01 08:52:40'),(89,'dicta','Omnis sunt culpa neque. Repudiandae numquam mollitia velit.',508,8,46,'2018-07-01 08:52:40','2018-07-01 08:52:40'),(90,'quaerat','Ex aut voluptas aut culpa qui id qui. Accusamus molestiae eius rerum ut vitae quas. Animi quo quae facilis.',537,6,17,'2018-07-01 08:52:40','2018-07-01 08:52:40'),(91,'animi','Sit repellat animi debitis. Et dolor eaque facere voluptatem nostrum est. Qui voluptatem facere laborum quidem ullam totam. Nostrum voluptas odio tempore corporis ea.',661,6,28,'2018-07-01 08:52:40','2018-07-01 08:52:40'),(92,'nemo','Minus rerum odio sequi. Aut aut repellendus neque consequuntur.',314,5,45,'2018-07-01 08:52:40','2018-07-01 08:52:40'),(93,'hic','Rerum laboriosam animi fuga. Nam porro ut dolores et modi.',350,6,30,'2018-07-01 08:52:40','2018-07-01 08:52:40'),(94,'voluptates','Voluptatem qui ut saepe laborum. Aliquid sequi in odit ratione unde ipsam molestiae. In consequatur nesciunt esse aliquam.',949,6,35,'2018-07-01 08:52:40','2018-07-01 08:52:40'),(95,'rerum','Aut laboriosam reiciendis ea cupiditate. In autem pariatur in beatae qui nisi est. Voluptas vel quod id non excepturi et. Voluptatum dolorem sed omnis.',147,5,13,'2018-07-01 08:52:40','2018-07-01 08:52:40'),(96,'provident','Qui doloremque eum eius neque. Ad ad ratione voluptas est aliquid impedit ullam. Quia commodi illo totam libero. Fugiat cum distinctio error ullam ducimus. Doloribus repudiandae voluptate maxime et.',913,8,49,'2018-07-01 08:52:40','2018-07-01 08:52:40'),(97,'assumenda','A dolorum rerum pariatur tenetur excepturi consectetur eum. Tempore deserunt voluptate voluptatem sint facilis voluptas nisi in. Qui aut officia eum veritatis et nihil. Dicta nam exercitationem quos repellat quis in.',595,9,18,'2018-07-01 08:52:40','2018-07-01 08:52:40'),(98,'maiores','Culpa tempora sed velit quia. Quia enim facilis totam.',262,7,20,'2018-07-01 08:52:40','2018-07-01 08:52:40'),(99,'et','Non ab ullam reiciendis saepe consequatur eos perferendis qui. Est veritatis sed aut quia.',486,9,43,'2018-07-01 08:52:40','2018-07-01 08:52:40'),(100,'aut','Vel alias cum fugiat molestias ex tempora necessitatibus. Nesciunt corrupti aperiam non soluta consequatur velit repellat. Et error natus odit unde facere non. Nihil accusamus maiores vitae consequatur possimus eveniet.',691,5,22,'2018-07-01 08:52:40','2018-07-01 08:52:40'),(101,'culpa','Molestiae ipsum doloribus vel dignissimos minus. Fugiat porro deserunt earum modi deserunt distinctio. Ut vel recusandae quo magni et aliquid. Consequuntur qui dignissimos quis officiis.',540,1,10,'2018-07-01 08:54:32','2018-07-01 08:54:32'),(102,'laboriosam','Laudantium officia et a molestias mollitia alias. Provident vel molestias placeat molestiae id. Fugiat enim in ut totam asperiores accusantium. Ut architecto exercitationem qui veritatis repudiandae.',949,3,38,'2018-07-01 08:54:32','2018-07-01 08:54:32'),(103,'natus','Aperiam reiciendis mollitia quibusdam rerum laborum maiores qui. Repellendus omnis quia qui molestiae consequuntur. Non in voluptate quaerat sit commodi ipsam et.',392,5,25,'2018-07-01 08:54:32','2018-07-01 08:54:32'),(104,'sequi','Error sed iusto sed neque sit magnam. Eligendi maiores illum sed sunt ipsam sed. Esse et omnis voluptatum saepe. Sint dolor cumque autem cum.',410,7,40,'2018-07-01 08:54:32','2018-07-01 08:54:32'),(105,'similique','Qui enim omnis recusandae alias. Error quo impedit porro voluptatem.',959,5,49,'2018-07-01 08:54:32','2018-07-01 08:54:32'),(106,'architecto','Necessitatibus non reiciendis tempore id vitae itaque occaecati. Praesentium rerum odio et voluptatum. Et deserunt natus voluptas quod eius. Velit sapiente est eius.',592,3,37,'2018-07-01 08:54:32','2018-07-01 08:54:32'),(107,'officiis','Iusto odit qui recusandae deserunt. Repellendus animi excepturi deleniti et.',946,8,40,'2018-07-01 08:54:32','2018-07-01 08:54:32'),(108,'omnis','Veritatis modi aliquid ut non maxime nihil. Fugit fuga sed enim necessitatibus nulla ipsum consectetur. Exercitationem quia quaerat mollitia consectetur qui distinctio.',925,7,8,'2018-07-01 08:54:32','2018-07-01 08:54:32'),(109,'eveniet','Sit facere repellat tempora nemo hic qui sint. Ad quidem reprehenderit dolor ut nam in pariatur. Aliquid harum quibusdam at cupiditate deserunt. Consequatur corrupti voluptate a in.',774,1,8,'2018-07-01 08:54:32','2018-07-01 08:54:32'),(110,'dolorem','Aut rerum voluptatem in consectetur fugit nostrum ut fuga. Occaecati et aliquam nam vero iste quam.',146,9,24,'2018-07-01 08:54:32','2018-07-01 08:54:32'),(111,'sapiente','Doloribus laboriosam deleniti impedit. Et aliquid voluptas molestias et quod ducimus. Non adipisci asperiores et nemo excepturi eos. Ut ex ad aut in officiis repellendus eum.',115,8,21,'2018-07-01 08:54:32','2018-07-01 08:54:32'),(112,'qui','Vel iure et laborum repellat qui aut. Et magni necessitatibus quae. Libero fuga aut non facilis id minima eos. Adipisci est cupiditate vero ea mollitia repellat omnis.',747,7,2,'2018-07-01 08:54:32','2018-07-01 08:54:32'),(113,'libero','Pariatur ut illum iusto rerum. Ad alias dignissimos ex alias natus.',668,2,41,'2018-07-01 08:54:32','2018-07-01 08:54:32'),(114,'eum','Fuga rerum tenetur asperiores facilis mollitia quod. Temporibus ea eum quidem ipsa rerum numquam. Reiciendis expedita ut blanditiis et delectus similique facere.',547,2,9,'2018-07-01 08:54:32','2018-07-01 08:54:32'),(115,'itaque','Et deserunt non et ipsa dolor. Ipsam in aspernatur et molestiae beatae. Quos voluptas doloribus reiciendis dolor. Eos numquam ea ea quam.',441,5,8,'2018-07-01 08:54:32','2018-07-01 08:54:32'),(116,'et','Veritatis earum nihil quis nostrum quisquam consectetur porro voluptas. Corrupti atque doloremque et. Temporibus placeat nesciunt eos aut qui at earum est.',651,9,49,'2018-07-01 08:54:32','2018-07-01 08:54:32'),(117,'dolores','Saepe aut quis eos qui qui. Praesentium sit delectus officiis est. Dolore nihil maiores est delectus ratione eligendi dolorem. Veniam non dolorum fugiat deleniti dolores. Laboriosam accusantium qui culpa nihil corporis aut enim.',719,1,11,'2018-07-01 08:54:32','2018-07-01 08:54:32'),(118,'voluptatum','Asperiores dignissimos numquam qui dignissimos omnis laborum deleniti. Quidem sed dolorem praesentium eos cumque nisi inventore.',988,6,9,'2018-07-01 08:54:32','2018-07-01 08:54:32'),(119,'molestias','Ex quis alias vel labore ducimus cumque. Et minima at ullam ut dolores. Rerum voluptates unde consequuntur eum quibusdam.',641,4,7,'2018-07-01 08:54:32','2018-07-01 08:54:32'),(120,'deserunt','Aut praesentium mollitia qui rerum et atque. Facere exercitationem mollitia qui et quaerat est inventore. Quibusdam modi non sed voluptates nobis perferendis.',700,9,19,'2018-07-01 08:54:32','2018-07-01 08:54:32'),(121,'suscipit','Eos quis assumenda officia incidunt totam natus maxime. Natus asperiores eveniet qui iure sint esse. Ex voluptatem quod error dolorem repellat magnam.',108,6,38,'2018-07-01 08:54:32','2018-07-01 08:54:32'),(122,'non','Et est consequatur corporis perspiciatis omnis. Voluptates culpa omnis aut fugit. Atque fugit et ipsam eligendi. Cupiditate atque at reprehenderit voluptatem voluptatem temporibus.',282,7,27,'2018-07-01 08:54:32','2018-07-01 08:54:32'),(123,'sit','Labore hic quos beatae autem quia vel omnis. Sapiente enim in voluptatum minus aliquam sunt consequatur sit. Aut exercitationem et debitis qui quia dignissimos.',954,2,45,'2018-07-01 08:54:32','2018-07-01 08:54:32'),(124,'sapiente','Enim rerum nostrum iure explicabo corrupti rerum similique. Sit mollitia eaque dolore libero consequuntur error. Eos aut autem molestiae nostrum dicta.',581,8,4,'2018-07-01 08:54:32','2018-07-01 08:54:32'),(125,'aspernatur','Non et et ut ea. Vel explicabo est aut reprehenderit ex id id. Doloremque ipsum enim cum assumenda et laudantium.',561,9,37,'2018-07-01 08:54:32','2018-07-01 08:54:32'),(126,'et','Ut doloribus earum rerum officiis sunt voluptas. Alias ut excepturi dolorem laborum iure.',103,3,14,'2018-07-01 08:54:32','2018-07-01 08:54:32'),(127,'quaerat','Saepe quasi aut quia qui. Minus ea omnis dolores. Velit omnis molestiae pariatur ratione sed magnam facilis. Ipsum et corrupti velit deserunt nemo consequuntur.',640,4,29,'2018-07-01 08:54:32','2018-07-01 08:54:32'),(128,'omnis','Quia ut optio esse tempora eaque maiores id. Sunt hic aspernatur aspernatur qui aut et quis. Aliquam dolores iusto incidunt autem ea asperiores.',316,0,48,'2018-07-01 08:54:32','2018-07-01 08:54:32'),(129,'vero','Saepe labore libero neque ut asperiores. Quia quod iure dolore fugit asperiores. Qui qui consequatur qui. Alias iusto et distinctio reiciendis occaecati.',758,2,27,'2018-07-01 08:54:32','2018-07-01 08:54:32'),(130,'eos','Quis quaerat rerum pariatur pariatur voluptas quas earum. Voluptate maiores sequi ipsa voluptatem voluptatem voluptatem et. Libero et tempora totam vel maiores neque at.',442,2,28,'2018-07-01 08:54:32','2018-07-01 08:54:32'),(131,'molestiae','Rerum placeat doloremque et quia. Optio soluta asperiores omnis voluptatibus facere velit. Omnis vel unde itaque accusamus qui. Eaque sit totam aut.',217,0,30,'2018-07-01 08:54:32','2018-07-01 08:54:32'),(132,'facere','Ab enim rerum dolorem dolorum quia nihil. Fugiat labore ut quis harum et. Vero aut officia soluta quasi omnis magni.',979,0,9,'2018-07-01 08:54:32','2018-07-01 08:54:32'),(133,'maxime','Esse aperiam et facere quam iure. Et nihil quam ab et itaque accusamus voluptate. Dignissimos sed at ducimus vero. Distinctio aut velit quaerat ad possimus illum consectetur.',764,7,24,'2018-07-01 08:54:32','2018-07-01 08:54:32'),(134,'hic','Doloremque assumenda incidunt ipsam nihil quod itaque occaecati reiciendis. Quibusdam qui ad fuga suscipit optio. Unde minima ut nostrum eligendi vero. Quia id debitis nobis.',934,9,4,'2018-07-01 08:54:32','2018-07-01 08:54:32'),(135,'sit','Commodi quia recusandae qui tempore ut iure. Ab dolores fugit neque eos quasi soluta sint. Ipsum et doloremque rerum dolor ea et illo. Quidem quisquam ullam rerum sapiente.',783,7,25,'2018-07-01 08:54:32','2018-07-01 08:54:32'),(136,'necessitatibus','Consequuntur doloribus autem ipsam architecto quasi omnis. Eum sapiente sint ex fugiat. Dolorem nulla libero ipsa animi provident qui neque. Aut et quas officia fuga modi labore.',929,9,40,'2018-07-01 08:54:32','2018-07-01 08:54:32'),(137,'suscipit','Molestias perspiciatis quis quidem molestiae sint voluptatem magnam. Quas possimus illo veniam modi nostrum sed. Veniam amet quibusdam odit aperiam qui est voluptates harum.',180,8,23,'2018-07-01 08:54:32','2018-07-01 08:54:32'),(138,'velit','Aut sit et est. Quisquam est iusto unde consectetur enim inventore minus id. Et est sint voluptate tempore et. Aut natus modi ratione et nemo quas voluptatem. Sequi tenetur iure dolor aut.',334,6,3,'2018-07-01 08:54:32','2018-07-01 08:54:32'),(139,'enim','Nostrum excepturi et eum quidem. Distinctio modi dignissimos eum omnis porro repudiandae laudantium ad. Amet magni voluptates et in dolorem consequatur. Ipsa id qui tempora modi.',875,2,5,'2018-07-01 08:54:32','2018-07-01 08:54:32'),(140,'harum','Perferendis debitis accusantium suscipit omnis et incidunt. Molestiae ratione minima ullam corporis pariatur quo. Ut recusandae qui eligendi eius omnis beatae nisi.',102,4,45,'2018-07-01 08:54:32','2018-07-01 08:54:32'),(141,'omnis','Ipsa molestiae sint ratione. Minima impedit omnis eum qui qui. Quae quis deleniti aut molestiae ut deserunt. A earum numquam omnis velit aliquid dolor.',921,3,13,'2018-07-01 08:54:32','2018-07-01 08:54:32'),(142,'velit','Laboriosam non voluptatibus voluptatem dolor quisquam. Qui aperiam eos qui aspernatur.',136,1,39,'2018-07-01 08:54:32','2018-07-01 08:54:32'),(143,'repellat','Sit eum quis accusamus sed voluptas dicta. Id debitis dolore provident hic sint rerum. Sit illo ea laboriosam possimus dolorem optio animi. Enim eligendi quasi nostrum sequi ut accusantium.',968,6,43,'2018-07-01 08:54:32','2018-07-01 08:54:32'),(144,'eveniet','Repudiandae nostrum dolorum placeat veniam eum assumenda fuga. Maiores ut inventore qui deserunt consequatur. Voluptas fugit voluptatibus deleniti assumenda veritatis.',539,9,13,'2018-07-01 08:54:32','2018-07-01 08:54:32'),(145,'omnis','Non praesentium ut aut est incidunt ab hic. Consequatur molestias aperiam quia voluptas similique incidunt.',737,0,40,'2018-07-01 08:54:32','2018-07-01 08:54:32'),(146,'sint','Totam est unde sed ad et nostrum quia perspiciatis. Quas provident at voluptates officiis ducimus eius. Modi adipisci officiis quia architecto nobis laboriosam quibusdam praesentium.',534,6,49,'2018-07-01 08:54:32','2018-07-01 08:54:32'),(147,'ratione','Maiores autem omnis ex aperiam consectetur pariatur. Blanditiis aut voluptas voluptates minima voluptatem deserunt. Id debitis a nostrum temporibus ipsum numquam sit.',381,5,38,'2018-07-01 08:54:32','2018-07-01 08:54:32'),(148,'et','Ipsa debitis sit cum quo nam. Qui quisquam sint ut quisquam aliquam qui. Voluptatem id et qui quidem architecto qui.',186,1,45,'2018-07-01 08:54:32','2018-07-01 08:54:32'),(149,'laborum','Et est rerum omnis numquam natus rerum. Nihil qui cupiditate quo quo voluptatem.',290,9,33,'2018-07-01 08:54:32','2018-07-01 08:54:32'),(150,'asperiores','Ea eos est omnis voluptatem sit. Necessitatibus amet sit quasi sit autem molestias autem veniam. Asperiores ratione quo laboriosam maiores accusamus velit.',419,4,12,'2018-07-01 08:54:32','2018-07-01 08:54:32'),(151,'labore','Eveniet autem nihil sed vel tempora. Commodi ad animi et qui. Fuga aut porro corrupti itaque quo deserunt cum.',498,7,12,'2018-07-01 08:55:24','2018-07-01 08:55:24'),(152,'laborum','Veniam aperiam voluptatum occaecati sunt sit inventore ut. Neque dolor similique et natus ipsa. Et aut voluptatem itaque.',627,3,30,'2018-07-01 08:55:24','2018-07-01 08:55:24'),(153,'est','Qui consectetur quidem voluptate vel illum voluptas eius. Illo libero omnis sed commodi quia. Natus aut est rerum atque est iste quibusdam. Repellat porro voluptatibus eos sint dicta itaque modi.',344,2,46,'2018-07-01 08:55:24','2018-07-01 08:55:24'),(154,'provident','Inventore tenetur nam nihil sit. Et voluptatibus itaque alias maxime. Aperiam ipsum et et eos fugit rerum ut. Exercitationem facere ea consectetur. Recusandae quis facere consequuntur occaecati ut.',123,9,40,'2018-07-01 08:55:24','2018-07-01 08:55:24'),(155,'qui','Et quasi asperiores at eligendi minima. Omnis aliquam sequi pariatur. Atque expedita error dolorum ratione commodi.',167,8,38,'2018-07-01 08:55:24','2018-07-01 08:55:24'),(156,'et','Placeat hic ipsam recusandae corporis. Molestiae eius non ratione odio fugit laboriosam earum corrupti. Esse sint nihil dolorum expedita veniam quis doloribus.',366,8,31,'2018-07-01 08:55:24','2018-07-01 08:55:24'),(157,'quam','Magni vel tempore molestiae enim sunt facere eligendi. Cumque et consequatur distinctio. Doloribus nihil debitis neque adipisci est temporibus.',178,4,17,'2018-07-01 08:55:24','2018-07-01 08:55:24'),(158,'corporis','Repellendus voluptatem cum facere sequi harum laboriosam eos. Id quaerat quis unde nisi. Et unde ut ipsa voluptatum laudantium.',180,4,26,'2018-07-01 08:55:24','2018-07-01 08:55:24'),(159,'omnis','Veniam unde vero quo et aut est iure. Sunt ut enim quos fuga minus quia et. Dolores neque id sint perferendis. Illum magnam quos minus sit.',999,7,6,'2018-07-01 08:55:24','2018-07-01 08:55:24'),(160,'voluptates','Illum dolor molestiae sed voluptas quidem quasi. Possimus atque ipsum voluptatibus sed doloremque et. Est et corporis eligendi.',471,5,36,'2018-07-01 08:55:24','2018-07-01 08:55:24'),(161,'autem','Voluptatum sunt eveniet animi perspiciatis quae ut. Quis natus repellat eum ab. A dolores ut est a nostrum et voluptate nam.',773,9,35,'2018-07-01 08:55:24','2018-07-01 08:55:24'),(162,'ut','Accusantium voluptatum ullam labore dolores debitis et. Sint praesentium ut velit. Fugit sunt asperiores est temporibus delectus eum enim. Sequi sunt omnis et architecto provident soluta.',234,0,23,'2018-07-01 08:55:24','2018-07-01 08:55:24'),(163,'hic','Dolorum sunt et dolorem qui et assumenda tenetur nemo. A perspiciatis est ut nobis animi. Adipisci minima sed culpa iusto vel quidem ipsam.',819,0,6,'2018-07-01 08:55:24','2018-07-01 08:55:24'),(164,'possimus','Ratione ratione eos nam sit. Adipisci eum quidem vel consequatur consequuntur et. Voluptates fuga atque sit fugiat praesentium eum. Vel rerum sunt a non consequatur rerum.',337,4,49,'2018-07-01 08:55:24','2018-07-01 08:55:24'),(165,'laborum','Quaerat debitis accusamus sequi rerum libero. Nulla cumque quis aut. Ut dignissimos quasi architecto ex.',911,1,38,'2018-07-01 08:55:24','2018-07-01 08:55:24'),(166,'veritatis','Qui sunt sed sapiente dicta ad et magni laudantium. Ea optio consectetur sint neque aperiam asperiores et. Illo tenetur blanditiis atque impedit ea.',311,6,5,'2018-07-01 08:55:24','2018-07-01 08:55:24'),(167,'minus','Ipsam facere nostrum qui aut aut molestiae ducimus. Laborum commodi perspiciatis iste repudiandae cumque et autem. Id rem laborum et dolores odio accusantium. Officia non doloribus ut et molestias ratione quis.',490,9,13,'2018-07-01 08:55:24','2018-07-01 08:55:24'),(168,'provident','Mollitia architecto sunt corporis ducimus sed explicabo numquam. Esse nostrum qui iure asperiores unde quo. Assumenda aliquam quaerat voluptate labore. Adipisci dolore non rem debitis facilis.',628,9,5,'2018-07-01 08:55:24','2018-07-01 08:55:24'),(169,'nostrum','Molestiae minima et eum qui reprehenderit. Nisi repellendus quo pariatur est. Et fuga dolores et dolores ut.',801,9,19,'2018-07-01 08:55:24','2018-07-01 08:55:24'),(170,'molestiae','Qui perferendis suscipit consequatur animi eos saepe. Officia soluta temporibus ducimus eligendi dolor rem fuga modi. Veniam exercitationem delectus molestiae ipsam molestiae eligendi enim magni. Saepe error excepturi explicabo sunt quis.',756,1,29,'2018-07-01 08:55:24','2018-07-01 08:55:24'),(171,'enim','Rerum eum aut sit non voluptatum et quaerat. Facere ut odit voluptatum sit rerum. Laudantium ullam iure amet minima culpa. Ut quos illum et deserunt quia.',374,4,18,'2018-07-01 08:55:24','2018-07-01 08:55:24'),(172,'quis','A veritatis magnam ipsa praesentium voluptas nemo voluptas. Porro ullam reprehenderit et quia rerum. Beatae cupiditate ullam aut velit temporibus. Aut vero possimus eos et id a odio.',974,8,44,'2018-07-01 08:55:24','2018-07-01 08:55:24'),(173,'aut','Quia eveniet animi voluptate natus reprehenderit error. Placeat et temporibus eveniet quos. Ab nemo architecto perferendis iusto eum. Nulla totam nam ipsam ut. Et qui a voluptas ab ea.',822,4,28,'2018-07-01 08:55:24','2018-07-01 08:55:24'),(174,'et','Ipsa itaque aliquid nobis ut non sint iste. Molestiae quia voluptatibus similique qui voluptatum. Quis qui tempora et quis.',648,9,9,'2018-07-01 08:55:24','2018-07-01 08:55:24'),(175,'nulla','Aut voluptatibus omnis placeat dolores quisquam aut perferendis. Rerum rerum dolorem et accusantium delectus rerum. Est quas totam et. Qui hic harum quidem soluta. Nobis et deleniti est consequatur.',571,8,2,'2018-07-01 08:55:24','2018-07-01 08:55:24'),(176,'maiores','Id sed quo ipsa sit. Quis quisquam debitis omnis autem maiores illum. Quia molestiae odio praesentium perferendis dignissimos recusandae.',334,1,22,'2018-07-01 08:55:24','2018-07-01 08:55:24'),(177,'iusto','Consequatur natus nobis voluptatem aut. Ut voluptas esse velit numquam provident sit. Placeat culpa vitae et non est recusandae nihil. Eveniet eligendi architecto quibusdam in.',303,4,2,'2018-07-01 08:55:24','2018-07-01 08:55:24'),(178,'quia','Alias est libero ullam animi in sed. Quia distinctio laudantium autem libero et. Sint est voluptatem officiis.',401,9,33,'2018-07-01 08:55:24','2018-07-01 08:55:24'),(179,'amet','Neque consequatur et et sint accusantium est saepe deserunt. Mollitia ea consequuntur repellat quisquam distinctio. Ut eum distinctio voluptas illo sunt amet. Quasi minus sit maiores quae sit ut.',222,2,18,'2018-07-01 08:55:24','2018-07-01 08:55:24'),(180,'alias','Autem ducimus est voluptatem in labore explicabo. Aperiam repellendus assumenda et expedita molestiae ipsam. Dolorem qui quas reprehenderit repellat. Sunt distinctio porro praesentium qui hic aliquid.',354,1,44,'2018-07-01 08:55:24','2018-07-01 08:55:24'),(181,'at','Quia et iste ducimus ratione. Neque ipsam accusantium suscipit consectetur a aut. Et dolorum rerum molestiae incidunt eum corporis et. Quisquam possimus eos consequatur culpa.',942,7,26,'2018-07-01 08:55:24','2018-07-01 08:55:24'),(182,'quod','Autem ut nemo saepe iste. Natus omnis incidunt quisquam non sit ratione. Nostrum similique ut quis qui dicta et. Et est voluptatem eum dolores dolor neque sed.',579,0,40,'2018-07-01 08:55:24','2018-07-01 08:55:24'),(183,'unde','Sed corrupti adipisci deleniti autem voluptatem. Aliquam aut non numquam et excepturi voluptatibus. Vero optio iusto asperiores ullam consectetur dolores et.',180,3,48,'2018-07-01 08:55:24','2018-07-01 08:55:24'),(184,'quos','Ut quidem voluptatem in consequatur. Voluptas cupiditate dolores voluptates culpa eius.',378,7,32,'2018-07-01 08:55:24','2018-07-01 08:55:24'),(185,'asperiores','Sed nihil minus accusantium tempore. Quo repudiandae soluta nobis molestiae delectus et alias. Soluta in ex illo aliquam amet eius adipisci qui. Molestias consequuntur sequi consequuntur aut libero ut est.',536,2,29,'2018-07-01 08:55:24','2018-07-01 08:55:24'),(186,'omnis','Est consequuntur provident soluta amet ea ad ex. Est id omnis voluptates ab consequuntur molestiae accusantium excepturi. Quo minima assumenda similique sed voluptate saepe hic. Sed minima voluptatem libero in ad.',409,1,12,'2018-07-01 08:55:24','2018-07-01 08:55:24'),(187,'cumque','Nobis ex maxime sint sed delectus aut eaque. Eos qui eos beatae ut animi nemo eaque. Est ut sint mollitia. Beatae ipsam reprehenderit tempora tenetur.',196,2,10,'2018-07-01 08:55:24','2018-07-01 08:55:24'),(188,'excepturi','Sunt cupiditate harum velit itaque totam assumenda consequatur. Qui voluptatum eos quidem laborum quos ea. Iste eos cupiditate illo deleniti velit quos. Expedita est sint aliquid doloremque soluta recusandae.',263,5,4,'2018-07-01 08:55:24','2018-07-01 08:55:24'),(189,'iure','Amet modi id id fuga qui accusamus explicabo. Ut voluptas et officia. Sed quis accusantium molestiae.',718,5,35,'2018-07-01 08:55:24','2018-07-01 08:55:24'),(190,'et','Eos quis voluptates in consectetur quis. Explicabo soluta mollitia voluptate. Sed et necessitatibus consequatur sint ipsa. Quasi similique earum et excepturi reiciendis accusantium.',187,1,12,'2018-07-01 08:55:24','2018-07-01 08:55:24'),(191,'praesentium','Autem similique officiis in ut est. Maiores sunt et provident corporis voluptas voluptas quo fugit. Facere maiores voluptatem molestias nihil. Laboriosam explicabo velit animi et omnis sit.',136,6,35,'2018-07-01 08:55:24','2018-07-01 08:55:24'),(192,'voluptas','Ut vel voluptates mollitia ipsam blanditiis omnis beatae. Consequuntur voluptatem et fuga nam sit qui officiis impedit. Et dignissimos error et aut. Vitae enim exercitationem illum.',927,4,17,'2018-07-01 08:55:24','2018-07-01 08:55:24'),(193,'beatae','Velit eveniet ea sed ducimus aut et. Dolorem totam fugit quibusdam occaecati magnam.',895,9,47,'2018-07-01 08:55:24','2018-07-01 08:55:24'),(194,'asperiores','At dignissimos doloremque dolores reprehenderit minima porro beatae. Mollitia accusantium dignissimos incidunt quisquam. In deleniti reprehenderit sunt dolore incidunt. Ex in qui iure quo.',104,3,43,'2018-07-01 08:55:24','2018-07-01 08:55:24'),(195,'amet','Tempora ea in architecto enim. Non culpa vero et voluptatibus amet aliquid vero. Consectetur deserunt dolor inventore tempore cumque.',622,5,18,'2018-07-01 08:55:24','2018-07-01 08:55:24'),(196,'dolorem','Aut et sint odio a consequatur voluptas praesentium. Minima totam rerum quod deserunt asperiores ducimus in. Est numquam architecto dolorum itaque.',540,5,25,'2018-07-01 08:55:24','2018-07-01 08:55:24'),(197,'ab','Temporibus iste vitae voluptates consectetur corrupti est iure. Autem eligendi sit sit et voluptatum. Itaque est tempora ut provident sint. Quo impedit fugiat rerum autem temporibus asperiores. Perferendis eveniet dolor qui aut ea.',229,0,5,'2018-07-01 08:55:24','2018-07-01 08:55:24'),(198,'libero','Numquam quo id minima molestiae id laborum quis aut. Omnis atque consequatur tenetur necessitatibus nihil eum. Laudantium fugit laborum id neque esse error. Voluptas est corporis doloribus.',828,3,29,'2018-07-01 08:55:24','2018-07-01 08:55:24'),(199,'consequatur','Laudantium nemo expedita quam quo. Tempore qui rerum quia alias aut et rerum quae. Eaque animi est id delectus. Molestias error aut omnis illo omnis velit.',137,1,32,'2018-07-01 08:55:24','2018-07-01 08:55:24'),(200,'et','Dignissimos unde sit ipsum ea eaque. Eos ipsa animi rerum labore dicta alias deleniti nihil.',772,2,43,'2018-07-01 08:55:24','2018-07-01 08:55:24');

#
# Structure for table "reviews"
#

DROP TABLE IF EXISTS `reviews`;
CREATE TABLE `reviews` (
  `id` int(10) unsigned NOT NULL AUTO_INCREMENT,
  `product_id` int(10) unsigned NOT NULL,
  `customer` varchar(255) COLLATE utf8mb4_unicode_ci NOT NULL,
  `review` text COLLATE utf8mb4_unicode_ci NOT NULL,
  `star` int(11) NOT NULL,
  `created_at` timestamp NULL DEFAULT NULL,
  `updated_at` timestamp NULL DEFAULT NULL,
  PRIMARY KEY (`id`),
  KEY `reviews_product_id_index` (`product_id`),
  CONSTRAINT `reviews_product_id_foreign` FOREIGN KEY (`product_id`) REFERENCES `products` (`id`) ON DELETE CASCADE
) ENGINE=InnoDB DEFAULT CHARSET=utf8mb4 COLLATE=utf8mb4_unicode_ci;

#
# Data for table "reviews"
#

INSERT INTO `reviews` VALUES (1,19,'Reilly Jaskolski','Eum sit qui eum eum explicabo laborum. Impedit qui quis ipsam deserunt unde qui aut. Aut possimus est est repellendus rerum et placeat non.',5,'2018-07-01 08:55:25','2018-07-01 08:55:25'),(2,184,'Ruthie Grimes','Vel qui corporis vel qui. Ipsa nesciunt error laudantium facere saepe accusantium aut sapiente. Voluptatum voluptas perspiciatis earum odit voluptatem.',4,'2018-07-01 08:55:25','2018-07-01 08:55:25'),(3,12,'Kenyon Prohaska','Harum consequatur porro sit provident vel assumenda. Tempora asperiores totam porro beatae necessitatibus. Molestias eos voluptas minima dolores voluptas. Accusantium aspernatur vel aliquid.',2,'2018-07-01 08:55:25','2018-07-01 08:55:25'),(4,101,'Guiseppe Kulas','Deserunt unde dignissimos doloribus quod officia. Sint et maxime cum voluptas. Voluptatem quos amet quaerat laboriosam itaque occaecati eaque. Nam non cum accusantium ut.',3,'2018-07-01 08:55:25','2018-07-01 08:55:25'),(5,109,'Helene Hilll','Vel earum error sit nisi recusandae. Eveniet dolorem explicabo quasi ab voluptas sed quo. Quae aliquam voluptate est consectetur similique.',3,'2018-07-01 08:55:25','2018-07-01 08:55:25'),(6,31,'Bertrand Ward MD','Sapiente eius dolores sed veritatis. Id nemo quas unde minima ut rem. Alias expedita enim aut voluptatem laudantium.',4,'2018-07-01 08:55:25','2018-07-01 08:55:25'),(7,181,'Prof. Angelica Stracke IV','Distinctio et ut a pariatur numquam. Hic suscipit ut minima culpa sit suscipit ducimus. Cupiditate placeat delectus aut veniam.',1,'2018-07-01 08:55:25','2018-07-01 08:55:25'),(8,69,'Remington Wehner','Adipisci soluta nobis blanditiis nihil facere a vel. Eaque eos minima a sapiente.',3,'2018-07-01 08:55:25','2018-07-01 08:55:25'),(9,100,'Prof. Akeem Kutch','Ipsam eaque vitae est repellendus qui. Vel necessitatibus vel repellendus eius voluptatem consequatur praesentium. Dolorum rerum rem cupiditate rerum aliquam possimus quo. Non dicta officia excepturi aut iste numquam tenetur.',4,'2018-07-01 08:55:25','2018-07-01 08:55:25'),(10,109,'Libby Greenholt MD','Maxime qui excepturi doloribus officiis saepe suscipit illum dolores. Dicta cum rerum ut similique quam. Nisi et qui in expedita blanditiis minus unde. Culpa quam nihil est qui itaque.',4,'2018-07-01 08:55:25','2018-07-01 08:55:25'),(11,6,'Junior Hamill','Est non consequatur ad omnis ducimus sint. Voluptatem quibusdam quod ipsam consequatur cum omnis pariatur. Ipsam expedita repellat temporibus dolorem enim asperiores qui.',5,'2018-07-01 08:55:25','2018-07-01 08:55:25'),(12,1,'Dr. Collin Heller','Aut eaque aut suscipit provident rerum itaque. Accusantium et accusantium cum recusandae molestias fugiat. Nemo nihil dicta laudantium ad autem dolorem. Cum in maiores voluptas non.',3,'2018-07-01 08:55:25','2018-07-01 08:55:25'),(13,75,'Ms. Antonette O\'Reilly III','In reprehenderit natus ullam architecto ea quo. Officiis autem repudiandae necessitatibus esse alias. Ut provident iusto quae ea consequatur iste.',4,'2018-07-01 08:55:25','2018-07-01 08:55:25'),(14,95,'Chad Hane','Temporibus id neque laboriosam at voluptas. Qui odio ut accusantium quidem hic officia. Ut velit aut illo fuga.',4,'2018-07-01 08:55:25','2018-07-01 08:55:25'),(15,36,'Tierra Klocko','Illum eligendi voluptatem pariatur consequuntur minus. Laudantium repellendus eos optio aliquid harum. Maiores cupiditate provident ut earum minima qui. Adipisci cupiditate aliquam itaque.',3,'2018-07-01 08:55:25','2018-07-01 08:55:25'),(16,44,'Fermin Williamson I','Impedit omnis ducimus velit enim suscipit animi maxime. Provident praesentium dolorum eius explicabo reiciendis rerum ipsa. Nostrum aut voluptatem mollitia ducimus quo ipsum quo. Voluptatem quasi totam necessitatibus sint excepturi accusantium sequi.',4,'2018-07-01 08:55:25','2018-07-01 08:55:25'),(17,2,'Annalise Strosin','Magnam dolorem quod nam voluptas esse ullam error. Non sit delectus dolores id saepe. Cumque aspernatur qui voluptates dolores reprehenderit.',0,'2018-07-01 08:55:25','2018-07-01 08:55:25'),(18,173,'Lewis Haag','Omnis odio omnis repellendus ut architecto. Ut ut dolorem et at a ipsa consequatur. Rerum aliquid aliquam libero ut et non earum.',0,'2018-07-01 08:55:25','2018-07-01 08:55:25'),(19,19,'Ms. Cara Cassin MD','Omnis totam omnis molestiae et voluptatem labore. Animi corrupti dolorem ex vel ut magni odio perferendis. Tenetur reiciendis id saepe. Voluptas hic culpa voluptas corrupti ab in nemo.',0,'2018-07-01 08:55:25','2018-07-01 08:55:25'),(20,145,'Mrs. Estel Casper','Neque et nostrum qui labore placeat necessitatibus. Et molestiae ipsa sed ducimus voluptatem molestiae tenetur. Non et voluptas ut necessitatibus qui non eum. Omnis aut sit autem.',2,'2018-07-01 08:55:25','2018-07-01 08:55:25'),(21,154,'Otha Rohan','Accusamus aspernatur nostrum et facilis est debitis. Et incidunt ut earum autem. Deserunt facere assumenda est ipsa. Consectetur sunt ut et aut voluptatem eaque.',0,'2018-07-01 08:55:25','2018-07-01 08:55:25'),(22,84,'Loren Runolfsson','Voluptatibus accusantium reprehenderit quibusdam ut magnam. Itaque dolorem ad temporibus quam tempora. Amet deleniti aut nesciunt.',1,'2018-07-01 08:55:25','2018-07-01 08:55:25'),(23,148,'Greyson Hessel','Perspiciatis est vel sunt. Aperiam voluptas earum sequi molestiae et odio. Sit et iure repellat dignissimos voluptate.',3,'2018-07-01 08:55:25','2018-07-01 08:55:25'),(24,149,'Erick Harris','A eum pariatur sapiente expedita. Sunt vel itaque laudantium. Reiciendis et id atque. Atque et et fugiat et qui qui est.',5,'2018-07-01 08:55:25','2018-07-01 08:55:25'),(25,110,'Prof. Bryana Upton MD','Molestias possimus est numquam sed et. Necessitatibus non officia similique quisquam et autem. Rerum qui nihil consequatur assumenda et est dolorum iure. Cum dolorum possimus et ut eius consequatur.',1,'2018-07-01 08:55:25','2018-07-01 08:55:25'),(26,47,'Renee Grant','Sed sit quia et laudantium ab ipsa. Sed facilis aut et dolore alias exercitationem amet. Maxime perspiciatis consectetur asperiores recusandae praesentium. Quo quibusdam necessitatibus voluptates labore.',4,'2018-07-01 08:55:25','2018-07-01 08:55:25'),(27,61,'Katlyn Carroll','Est nostrum velit omnis quis unde voluptatum eveniet. Deserunt vero quia et et. Sint sequi ut quia consequatur id possimus eius necessitatibus. Nesciunt praesentium sint non suscipit non dolorem.',1,'2018-07-01 08:55:25','2018-07-01 08:55:25'),(28,166,'Jordane Rohan','Quo aliquid est sit autem fuga aut. Architecto aut deserunt nobis velit. Commodi et vel ut cumque harum iure vero.',2,'2018-07-01 08:55:25','2018-07-01 08:55:25'),(29,149,'Jaiden Howe','Quis soluta ut aperiam rerum hic tempora. In consectetur quibusdam earum vel voluptate ullam natus. Qui accusamus amet quia voluptas consectetur voluptatem voluptatem.',0,'2018-07-01 08:55:25','2018-07-01 08:55:25'),(30,127,'Rodrick Lakin','Rerum aut veniam officiis veritatis. Quas repellendus id sed mollitia aliquid dolore.',2,'2018-07-01 08:55:25','2018-07-01 08:55:25'),(31,16,'Lavon Schultz','Quia placeat veritatis voluptas suscipit autem earum accusantium. Accusantium animi sed excepturi unde qui nisi. Consequatur atque aut consequuntur.',2,'2018-07-01 08:55:25','2018-07-01 08:55:25'),(32,156,'Miss Eleanora Goldner','Et dolorum exercitationem deleniti cum blanditiis. Quo laudantium rerum voluptatem officia distinctio cupiditate vero. Non quam labore dolorum rerum odio. Totam sunt delectus fugiat quasi sequi.',3,'2018-07-01 08:55:25','2018-07-01 08:55:25'),(33,10,'Mr. Jordyn Legros DDS','Aut aspernatur maxime optio eveniet. Dolorem architecto numquam libero. Rerum ad facere illo. Ut molestiae cupiditate dolore qui ipsum dolores sint. Voluptatem hic ut fugit saepe sit incidunt.',1,'2018-07-01 08:55:25','2018-07-01 08:55:25'),(34,126,'Arnulfo Reilly','Ea pariatur aperiam et perferendis quia. Qui exercitationem est ratione voluptas doloribus facilis. Odio eligendi incidunt praesentium et facilis et.',5,'2018-07-01 08:55:25','2018-07-01 08:55:25'),(35,173,'Mrs. Florine Krajcik V','Quis blanditiis cumque architecto placeat sunt praesentium labore sed. Neque doloribus dolorem enim aut adipisci velit. Deleniti ab nobis suscipit id.',2,'2018-07-01 08:55:25','2018-07-01 08:55:25'),(36,72,'Oliver Bauch','Consequatur hic et id neque. Non optio perspiciatis nemo repudiandae qui. Sint assumenda cumque maiores reprehenderit ut qui velit voluptate. Sequi ratione illo ea.',4,'2018-07-01 08:55:25','2018-07-01 08:55:25'),(37,148,'Dr. Raven Satterfield','Aut quo in est ducimus. Nemo placeat ipsum asperiores molestias quam dolorum. Rerum id et qui nemo. In sed vel ut doloribus sed in.',4,'2018-07-01 08:55:25','2018-07-01 08:55:25'),(38,113,'Delfina Strosin','Nihil cumque voluptas maiores nulla qui rerum aspernatur. Cum est sint ut perspiciatis autem. Et velit ab architecto doloribus occaecati. Consequuntur sed minus culpa ducimus voluptatum.',0,'2018-07-01 08:55:25','2018-07-01 08:55:25'),(39,86,'Ceasar Ferry','Voluptatem eos blanditiis quasi unde. Eum voluptas numquam amet distinctio voluptatem nulla et. Cumque iste deleniti natus eum et officia sit. Inventore est voluptates et consequatur.',3,'2018-07-01 08:55:25','2018-07-01 08:55:25'),(40,104,'Prof. Avis Quigley','Suscipit a iste ipsa enim at mollitia. Dignissimos unde rerum doloribus ut enim ipsa fugiat. Animi est et reprehenderit eos non. In pariatur et dolore culpa.',3,'2018-07-01 08:55:25','2018-07-01 08:55:25'),(41,145,'Mckayla O\'Kon','Reprehenderit soluta fugiat reprehenderit consequuntur et dolor itaque. Nam ex dolores reprehenderit sapiente quia.',5,'2018-07-01 08:55:25','2018-07-01 08:55:25'),(42,38,'Jacklyn Wiegand','Totam quaerat quidem voluptate placeat neque. Tenetur porro et aspernatur quis nesciunt et sed. Pariatur laborum quidem atque cum incidunt.',2,'2018-07-01 08:55:25','2018-07-01 08:55:25'),(43,123,'Prof. Misty Stracke','Aut qui corrupti sunt asperiores quis explicabo vel. Quis beatae omnis consequatur totam. Rerum sapiente aliquam impedit asperiores dignissimos. Et quam alias nihil in quis aperiam iusto.',3,'2018-07-01 08:55:25','2018-07-01 08:55:25'),(44,145,'Johnson Blick','Omnis consectetur id excepturi quaerat repellendus autem qui. Ipsum itaque voluptas odio velit ipsa nam ipsum saepe. Sit sit aliquam numquam dicta.',5,'2018-07-01 08:55:25','2018-07-01 08:55:25'),(45,134,'Dr. Dawson Bruen I','Corporis vitae quisquam rerum. Harum est et accusantium nostrum qui nam. Quia ut sunt quae rerum quae aliquid. Incidunt corrupti dignissimos voluptatem repudiandae.',5,'2018-07-01 08:55:26','2018-07-01 08:55:26'),(46,83,'Prof. Clara Hauck PhD','Modi adipisci adipisci aspernatur amet quia. Asperiores nesciunt rerum molestiae quia. Voluptas aut ratione esse perspiciatis sapiente impedit nemo.',1,'2018-07-01 08:55:26','2018-07-01 08:55:26'),(47,102,'Letha Kulas','Facilis sunt et ab voluptatum doloribus et. Adipisci et ex neque ut unde autem. Id libero eaque ullam ex rerum. Explicabo eos illum non.',1,'2018-07-01 08:55:26','2018-07-01 08:55:26'),(48,16,'Omer Harris','Adipisci sit praesentium eligendi distinctio cum. Labore dolores et maxime dolores at sunt.',5,'2018-07-01 08:55:26','2018-07-01 08:55:26'),(49,199,'Mrs. Kailey Dibbert','Sed qui voluptatem alias aut consequatur. Enim cum nam et labore maxime et. Dolor delectus omnis tempore quae cum repellat. Eum laboriosam velit corporis omnis reiciendis et deserunt.',4,'2018-07-01 08:55:26','2018-07-01 08:55:26'),(50,113,'Johan Macejkovic','Sit inventore soluta aut vel animi tempora cumque. Non magni explicabo quaerat sit. Iste ut natus voluptas debitis eligendi.',1,'2018-07-01 08:55:26','2018-07-01 08:55:26'),(51,38,'Amely Reinger','Neque incidunt et consequatur similique. Possimus nam voluptatibus soluta consectetur repellat est. Consequuntur fuga sed et architecto quaerat. Et magni qui et voluptatem.',5,'2018-07-01 08:55:26','2018-07-01 08:55:26'),(52,128,'Dr. Melvin Fay DDS','Quis alias aut rerum ullam sed aspernatur dolor ratione. Sunt quis assumenda repellat aut vero iusto inventore modi. Quidem ipsam mollitia soluta molestias maiores qui.',4,'2018-07-01 08:55:26','2018-07-01 08:55:26'),(53,162,'Prof. Rickie Conroy','Maxime sit laboriosam sed quo. Aspernatur ut sed aut ullam. Quo eveniet quis molestiae modi omnis temporibus.',4,'2018-07-01 08:55:26','2018-07-01 08:55:26'),(54,38,'Greg Lowe','Vel quas magni qui ipsam. Maxime rerum beatae ut voluptatum asperiores. Ratione non harum ipsum quo. Enim odit tempore laudantium soluta fuga est voluptatem dolorem. In iusto quos iure officiis rerum.',0,'2018-07-01 08:55:26','2018-07-01 08:55:26'),(55,185,'Karlie Hodkiewicz','Dolor assumenda vel illum illo sequi architecto. Ad impedit incidunt provident sunt. Qui magni at sed esse repellat non aut. Voluptas minus et rerum excepturi corporis aut est.',5,'2018-07-01 08:55:26','2018-07-01 08:55:26'),(56,176,'Consuelo Nader','Quasi minima dolorem molestias aut eum. Ullam quis aut voluptate qui dolores dolorem. Et illum quasi delectus unde culpa. Fugit voluptate dolores vitae.',3,'2018-07-01 08:55:26','2018-07-01 08:55:26'),(57,62,'Mrs. Lurline Purdy DVM','Quibusdam et nam architecto vel quam aspernatur. Aliquid molestias et numquam nihil sed ullam itaque. Saepe eos voluptas voluptatem occaecati error facere.',1,'2018-07-01 08:55:26','2018-07-01 08:55:26'),(58,166,'Mrs. Germaine Sanford','Illo aut architecto molestiae. Doloremque nobis id cupiditate et ipsa illum. Maiores officia consequuntur laudantium nam possimus magnam quia. Corporis ut aliquam quis qui qui.',0,'2018-07-01 08:55:26','2018-07-01 08:55:26'),(59,72,'Mrs. Felicita Kris','Veniam ea in et autem debitis iste sint. Temporibus laborum dolor aliquid aliquam. Omnis in aut sed.',0,'2018-07-01 08:55:26','2018-07-01 08:55:26'),(60,93,'Foster Bergnaum','Eum veniam fugiat qui nisi nulla. Alias et reiciendis quia quas et sunt. Aliquid sit culpa nobis eius suscipit eaque.',1,'2018-07-01 08:55:26','2018-07-01 08:55:26'),(61,30,'Abner Wolf','Qui repellat exercitationem ipsum fuga mollitia nulla. Dignissimos distinctio ratione eos explicabo deleniti animi. Aut non odit cum rerum quidem in. Sint suscipit ut libero fuga aperiam sed. Esse aut corporis cupiditate voluptates natus aut et.',3,'2018-07-01 08:55:26','2018-07-01 08:55:26'),(62,54,'Josiane Predovic','Provident commodi dolorum necessitatibus error inventore quam nostrum. Dignissimos ullam doloribus autem ut earum eaque. Earum ut eum eum et deleniti quia.',0,'2018-07-01 08:55:26','2018-07-01 08:55:26'),(63,193,'Fabiola Dicki','Dolorum atque quas accusamus cupiditate. Officia dicta quas iusto qui omnis possimus. Dolores consequuntur dolor numquam expedita quam eligendi temporibus. Et ut laboriosam et ex animi.',1,'2018-07-01 08:55:26','2018-07-01 08:55:26'),(64,199,'Tressa Abbott IV','Minus repellat non in est quia voluptatem dignissimos quasi. Placeat velit pariatur et omnis similique aut. Eius sit quasi iste magni nesciunt provident provident esse.',0,'2018-07-01 08:55:26','2018-07-01 08:55:26'),(65,41,'Torrey Davis V','Dolorem ab suscipit nam aut. Aut voluptatem ex totam nihil. Doloremque adipisci quibusdam rerum. Illum dolores velit consequatur reiciendis dolores quia vitae at.',5,'2018-07-01 08:55:26','2018-07-01 08:55:26'),(66,130,'Keegan Kunde II','Qui nisi sed eum assumenda nesciunt. Quibusdam porro repudiandae maxime nulla laudantium. At quae corporis corrupti aspernatur dolores ut consequatur. Aliquid a est nostrum voluptas qui quo cum reiciendis.',3,'2018-07-01 08:55:26','2018-07-01 08:55:26'),(67,156,'Willard Kulas','Sit aut non officia et. Qui sit dolor ab odit aliquid qui explicabo. Nobis voluptatem rerum mollitia facere ut deserunt. Eius hic beatae amet ab quas rem.',5,'2018-07-01 08:55:26','2018-07-01 08:55:26'),(68,32,'Burnice Rath','Ut autem perspiciatis ut et sunt architecto nemo. Mollitia beatae consequatur eos officiis asperiores officiis doloremque. Vel et temporibus placeat aut ut. Et suscipit et sit.',1,'2018-07-01 08:55:26','2018-07-01 08:55:26'),(69,88,'Cecil Cremin','Quia sed amet aliquam. Provident aut dolor cumque nisi. Porro occaecati earum blanditiis et ipsum animi.',4,'2018-07-01 08:55:26','2018-07-01 08:55:26'),(70,135,'Chesley Haley','Eum nulla velit aliquid et sed veniam autem. Dolor sint qui blanditiis dolor libero. Adipisci doloremque placeat laudantium et voluptatem earum. Non facilis iusto odio quas quibusdam assumenda.',1,'2018-07-01 08:55:26','2018-07-01 08:55:26'),(71,22,'Barrett Metz','Voluptatem enim tenetur et modi quis molestias. Voluptates blanditiis qui expedita. Et suscipit ipsum expedita fugit quibusdam. Aut reiciendis vitae saepe cupiditate architecto saepe excepturi.',4,'2018-07-01 08:55:26','2018-07-01 08:55:26'),(72,173,'Louie Swift III','Adipisci cum quia saepe vitae. Quisquam qui ex est quisquam illum maiores possimus. Ratione ut repudiandae vel sunt quos.',5,'2018-07-01 08:55:26','2018-07-01 08:55:26'),(73,179,'Frederique Ankunding','Aperiam distinctio occaecati laudantium quia. Sapiente quae saepe illum esse vitae. Voluptate facere nihil exercitationem et ipsam debitis. Molestias labore temporibus mollitia blanditiis.',5,'2018-07-01 08:55:26','2018-07-01 08:55:26'),(74,79,'Jarvis Wisozk','Voluptatem non et blanditiis quaerat non qui. Tempore ipsum esse temporibus sapiente ut. Id modi nulla id odit rerum distinctio suscipit.',1,'2018-07-01 08:55:26','2018-07-01 08:55:26'),(75,124,'Ward Lemke','Occaecati molestiae perspiciatis atque ut laborum. Voluptatem est maxime non vitae et velit pariatur. Et in ea corporis est.',1,'2018-07-01 08:55:26','2018-07-01 08:55:26'),(76,17,'Dr. Emmett Terry Sr.','Nulla quaerat ipsam earum qui asperiores ab. Ullam aliquid rerum incidunt quod quas ipsum. Porro sit illo ea sit officiis.',2,'2018-07-01 08:55:26','2018-07-01 08:55:26'),(77,143,'Dr. Joy Schuppe IV','Est consequatur rem inventore dolores. Sunt molestiae rerum dolorem dolor. Nihil cumque quia ea.',5,'2018-07-01 08:55:26','2018-07-01 08:55:26'),(78,43,'Willis McDermott','Eum eligendi aut placeat numquam eius aut in. Est aut porro non culpa eos possimus qui. Cum vero hic id fugit architecto commodi nisi itaque. Dolor ut culpa praesentium laborum odio alias sint.',1,'2018-07-01 08:55:26','2018-07-01 08:55:26'),(79,101,'Mr. Noble Bahringer','Non iste dignissimos consequatur. Necessitatibus magni sint tempora quis. Sapiente modi quas qui aliquam est aperiam.',4,'2018-07-01 08:55:26','2018-07-01 08:55:26'),(80,31,'Darrell Muller','Fugit corrupti magni ut dolor rerum. Sequi sequi ullam aut. Maxime omnis ut eligendi qui tempora velit. Nihil est dolor occaecati illum iste explicabo.',4,'2018-07-01 08:55:26','2018-07-01 08:55:26'),(81,192,'Ken Daugherty','Eligendi beatae incidunt corporis totam. Eum maiores qui doloribus sit. Sit fuga hic voluptatibus similique nihil et et. Esse nobis sed blanditiis sed sit.',4,'2018-07-01 08:55:26','2018-07-01 08:55:26'),(82,132,'Frank Lindgren','Deleniti rem voluptatibus optio voluptatem voluptas consectetur. Officia aut aut blanditiis minima nihil deleniti dicta. Sapiente ab praesentium id. Laboriosam velit adipisci enim aliquid voluptates ab possimus.',4,'2018-07-01 08:55:26','2018-07-01 08:55:26'),(83,134,'Willy Bergnaum','Eum porro molestiae asperiores qui nam natus corporis. Fugiat ipsa voluptatum aut.',3,'2018-07-01 08:55:26','2018-07-01 08:55:26'),(84,24,'Garnet Schinner MD','Accusantium aliquam soluta ipsum non. Laboriosam ipsa dolore et ullam hic voluptatum. Omnis repellat neque quo cumque est ipsa eaque. Eaque voluptatum voluptatem adipisci corporis dolor quidem.',3,'2018-07-01 08:55:26','2018-07-01 08:55:26'),(85,120,'Dejah O\'Reilly','Et et odio enim amet. Libero ex minima consequuntur eaque aspernatur sed. Quos eius facilis architecto autem et.',5,'2018-07-01 08:55:26','2018-07-01 08:55:26'),(86,200,'Sammy Zboncak','Autem voluptatum ad dolor quo accusantium. Harum id quam delectus. Quia culpa laborum et sunt dolorem eaque.',5,'2018-07-01 08:55:26','2018-07-01 08:55:26'),(87,143,'Kian Schinner','Alias placeat possimus aut architecto dolor. Aut temporibus eum quaerat quis enim quo. Esse dolores ea placeat qui accusantium ducimus. Minus illum nobis qui animi numquam consequuntur. Suscipit id eius qui aut maiores beatae consectetur.',5,'2018-07-01 08:55:26','2018-07-01 08:55:26'),(88,31,'Fae Kuphal','Modi eius magni voluptatem itaque nesciunt quis. Dicta dolorem est veritatis nihil eum. Asperiores voluptatem aperiam hic occaecati nam quo saepe.',3,'2018-07-01 08:55:26','2018-07-01 08:55:26'),(89,128,'Prof. Citlalli Walter Sr.','Fuga fugit voluptatem delectus at. Ut reiciendis aut at recusandae. Velit ab sit qui optio nemo minus aut. Ipsa vero cupiditate inventore qui.',0,'2018-07-01 08:55:26','2018-07-01 08:55:26'),(90,127,'Michale Feil PhD','Dolor velit veniam qui non itaque. Distinctio consequuntur exercitationem dolorem rerum. Tenetur nostrum sit in quasi perspiciatis qui. Nostrum exercitationem recusandae adipisci dolorem. Nisi voluptas expedita a occaecati consectetur voluptatem.',5,'2018-07-01 08:55:26','2018-07-01 08:55:26'),(91,77,'Maritza McClure','Laborum vitae ducimus et non. Animi eveniet autem qui. Ut molestias optio nulla est et fugiat.',2,'2018-07-01 08:55:26','2018-07-01 08:55:26'),(92,167,'Leann Hegmann MD','Magnam facilis aliquid nobis voluptatem recusandae quis nihil. Rem enim accusamus alias quaerat dolor error. Dolorem dolorem eos quo dolorem ullam excepturi voluptatum molestiae. Debitis maiores voluptatem quia expedita veniam qui.',2,'2018-07-01 08:55:26','2018-07-01 08:55:26'),(93,33,'Philip Sporer','Possimus cum sapiente omnis debitis doloribus. Debitis voluptatibus optio unde ut harum. Praesentium laudantium reprehenderit ipsum aut et quaerat eum ex.',3,'2018-07-01 08:55:26','2018-07-01 08:55:26'),(94,62,'Amya Brakus','Veniam et sint iste vel non molestias ut. Et fugit corrupti sit. Id amet sit ut quibusdam ut.',2,'2018-07-01 08:55:26','2018-07-01 08:55:26'),(95,26,'Lilla Koepp','Dolores aut veniam molestiae adipisci quia. Cum numquam repellendus natus eum quo animi. Corporis quos modi corporis magnam vitae iste sequi. Quaerat reprehenderit reprehenderit est eaque.',2,'2018-07-01 08:55:26','2018-07-01 08:55:26'),(96,106,'Freeda Ruecker','Voluptas consectetur aspernatur nisi sed labore beatae autem. Ipsa alias sunt repellendus voluptates. Sint sequi est fugiat ab error. Molestiae animi eos autem dolor quia.',4,'2018-07-01 08:55:26','2018-07-01 08:55:26'),(97,94,'Ford Keeling','Nihil voluptas modi est ducimus magni quo. Sit est ad ullam quidem minus. Perspiciatis rerum in non unde et dicta. Sint voluptas odio ut velit quos impedit earum magnam.',0,'2018-07-01 08:55:26','2018-07-01 08:55:26'),(98,22,'Demarcus Schowalter','Soluta reprehenderit laborum illum eum. Enim sapiente officiis autem architecto sequi voluptatem sed qui. Non rerum officiis provident culpa odit sed. Rerum dignissimos autem facere dicta. Iure molestiae aliquam cupiditate natus delectus numquam.',5,'2018-07-01 08:55:26','2018-07-01 08:55:26'),(99,108,'Justen Hettinger II','Esse ex cumque non et est et. Et non explicabo aspernatur. Sit fugit nihil atque mollitia rem. Veritatis voluptates corrupti eum quia omnis.',3,'2018-07-01 08:55:26','2018-07-01 08:55:26'),(100,35,'Kaley McGlynn','In quasi optio libero id ut quam incidunt. Harum tenetur et accusamus quasi aut non vel. Ducimus consequatur laborum molestiae velit quia. Provident voluptas enim consequuntur assumenda quo nulla beatae.',1,'2018-07-01 08:55:26','2018-07-01 08:55:26'),(101,179,'Eleanore Lowe','Iusto dolores et adipisci qui aut. Molestiae molestias ducimus veritatis voluptatem sunt quaerat pariatur. Provident officiis eveniet ut vitae. Est ut odio magni sint sunt facere.',4,'2018-07-01 08:55:26','2018-07-01 08:55:26'),(102,73,'Penelope Haley MD','Dolor sit et consequatur aut impedit vitae. Accusantium quaerat vel est optio accusantium aut.',4,'2018-07-01 08:55:26','2018-07-01 08:55:26'),(103,45,'Rosie Emard MD','Impedit in et et facere ut. Doloribus quis velit id nostrum.',2,'2018-07-01 08:55:26','2018-07-01 08:55:26'),(104,163,'Karianne Kassulke','Voluptas et laboriosam voluptatem. Veritatis ut doloribus vero autem quasi. Autem in atque facere fuga. Repellendus voluptatibus quod rem sint ut deleniti. Qui in iure velit ea rerum occaecati non.',1,'2018-07-01 08:55:26','2018-07-01 08:55:26'),(105,131,'Ms. Trisha Cassin Jr.','Nobis sunt voluptas quia animi atque. Quia corporis quis recusandae saepe. Dolor enim fugit officiis modi odit blanditiis optio possimus.',0,'2018-07-01 08:55:26','2018-07-01 08:55:26'),(106,49,'Prof. Kaley Wisoky','Voluptatibus quidem ut est. Cum aspernatur quo vel. Aliquam aut ipsum beatae hic sunt mollitia aut.',0,'2018-07-01 08:55:26','2018-07-01 08:55:26'),(107,151,'Joy Heathcote','Distinctio omnis dolores veniam velit voluptas qui pariatur dolor. Explicabo dolor vero aut ullam sequi reprehenderit. Voluptas et iure ea est expedita fugiat. Explicabo in facere laborum ut quam in quis.',1,'2018-07-01 08:55:26','2018-07-01 08:55:26'),(108,158,'Cristal Streich','Eveniet ullam aperiam totam et dolorem temporibus. Quis porro consequatur aut ipsum et. Eum veritatis sapiente odio.',0,'2018-07-01 08:55:26','2018-07-01 08:55:26'),(109,58,'Ashlynn Yost III','Nihil deserunt quis explicabo. Omnis in aut nihil odio quis cum quia. Rerum inventore soluta debitis consectetur. Placeat est rem assumenda beatae non accusantium repudiandae illum. Libero doloremque et impedit sunt.',3,'2018-07-01 08:55:26','2018-07-01 08:55:26'),(110,55,'Ayana Nader','Quidem possimus quas dolores illum delectus consectetur architecto. Est a velit est. Perferendis et et autem facilis. Libero dolores ut harum cum minima exercitationem.',2,'2018-07-01 08:55:26','2018-07-01 08:55:26'),(111,166,'Cory Treutel','Aut nesciunt et ipsam quia rerum. Non porro quae dolores aliquid minus. Doloribus molestiae incidunt porro vitae magni natus ullam. Consequuntur minima facilis sit.',1,'2018-07-01 08:55:26','2018-07-01 08:55:26'),(112,112,'Mollie Rowe','Harum perferendis aut deleniti numquam iusto qui et tempora. Omnis porro quia quia soluta. Inventore sit perferendis numquam neque.',5,'2018-07-01 08:55:26','2018-07-01 08:55:26'),(113,13,'Carter Rosenbaum','Voluptate sint provident reiciendis. Voluptatem quam perspiciatis ratione occaecati et quia error quibusdam. Cum rem odit quia repellendus. Consequuntur debitis veritatis nobis blanditiis facere.',5,'2018-07-01 08:55:26','2018-07-01 08:55:26'),(114,199,'Eldora Paucek MD','Fuga deserunt corrupti neque. Esse excepturi iusto ut iure. Laudantium voluptatem laborum et. Ut eveniet omnis doloribus tenetur placeat natus. Non eligendi id recusandae facilis.',0,'2018-07-01 08:55:26','2018-07-01 08:55:26'),(115,125,'Rogelio Kozey','Rem voluptas laborum saepe error porro magni. Nihil officia architecto voluptas soluta. Qui nulla quis fugit deleniti. Velit ratione voluptas deleniti maxime.',5,'2018-07-01 08:55:26','2018-07-01 08:55:26'),(116,7,'Leslie Shields','Aut ea soluta qui sunt repudiandae dolore consectetur. Laudantium voluptates sed possimus voluptas eos iusto. Omnis autem nobis sit nostrum.',5,'2018-07-01 08:55:26','2018-07-01 08:55:26'),(117,4,'Stanford Emard I','Ipsa in deserunt consequatur saepe veniam ad est. Iste et omnis placeat mollitia nobis. Eum reiciendis numquam quia minus ipsum doloremque.',4,'2018-07-01 08:55:26','2018-07-01 08:55:26'),(118,9,'Gust Quigley','Tenetur nostrum corporis expedita nostrum non provident non consequatur. Porro voluptas expedita mollitia dicta nobis odit. Magni consequatur quas animi inventore occaecati earum et.',2,'2018-07-01 08:55:26','2018-07-01 08:55:26'),(119,183,'Prof. Kelley Kovacek Sr.','Est deleniti sunt rerum magni quis. Eius atque omnis velit qui quasi aut. Ut qui et totam. Est fugiat minus esse similique.',3,'2018-07-01 08:55:26','2018-07-01 08:55:26'),(120,74,'Dominique Wolff','Incidunt ducimus tempora in non porro totam quo. Est excepturi quis deserunt consequatur placeat. Expedita deserunt sequi rem veniam excepturi mollitia.',2,'2018-07-01 08:55:26','2018-07-01 08:55:26'),(121,42,'Nyasia Pfannerstill','Voluptatem neque quisquam vel et exercitationem. Magnam officiis eaque vero minima qui quibusdam. Et quia ut magni maxime. Nam labore qui asperiores ipsum. Pariatur iure quo blanditiis maiores alias.',0,'2018-07-01 08:55:26','2018-07-01 08:55:26'),(122,144,'Rebekah Crooks','Explicabo modi tempora nemo consequuntur. Voluptatem maxime in illum sint voluptatem officiis sit. Illum labore et alias corporis expedita est. Labore blanditiis ducimus dicta facilis sunt temporibus qui.',4,'2018-07-01 08:55:26','2018-07-01 08:55:26'),(123,27,'Mary Yundt','Ad qui cupiditate animi magni officiis harum quia. A repellat laborum vel molestiae placeat nobis. Autem eveniet accusamus quis.',4,'2018-07-01 08:55:26','2018-07-01 08:55:26'),(124,173,'Karelle Prohaska','Consectetur blanditiis unde officiis quos voluptatem ipsa. Dignissimos est molestiae omnis aut alias consequatur praesentium. Quod consectetur magni modi officia cum assumenda. Cumque vitae aut non facere et accusantium reprehenderit eum.',5,'2018-07-01 08:55:26','2018-07-01 08:55:26'),(125,155,'Duncan Christiansen','Ut quo voluptas ad eligendi reprehenderit ipsa eius. Quam praesentium labore ipsa sed quo. A eos nulla odit minima sunt at. Minus nobis voluptatem et dolores.',3,'2018-07-01 08:55:26','2018-07-01 08:55:26'),(126,70,'Miss Aida Hackett III','Quidem iusto reprehenderit quam sed nobis soluta animi. Rerum ullam ut aut quam. Architecto consequatur eius mollitia voluptatibus sapiente. Ipsam et rerum facere quidem doloremque ea.',4,'2018-07-01 08:55:26','2018-07-01 08:55:26'),(127,129,'Ms. Maybelle Stokes','Eveniet possimus quo qui ea accusamus. Aut ad porro non occaecati. Rem nihil amet natus quos itaque corporis porro sunt. Eum consequatur aut ea. Odit quisquam hic quo nihil doloribus.',5,'2018-07-01 08:55:26','2018-07-01 08:55:26'),(128,166,'Darion Mraz','Et explicabo error facere sed non omnis quia. Occaecati nemo qui nulla id perspiciatis saepe.',3,'2018-07-01 08:55:26','2018-07-01 08:55:26'),(129,125,'Nelda Schultz','Et voluptatem cum quod atque. Totam assumenda blanditiis necessitatibus optio. Unde distinctio vel ad repudiandae blanditiis.',3,'2018-07-01 08:55:26','2018-07-01 08:55:26'),(130,135,'Johnathan Baumbach','Quia in est nemo illum. Et excepturi nam qui nemo rem optio voluptates. Culpa impedit quisquam sunt qui sed.',0,'2018-07-01 08:55:26','2018-07-01 08:55:26'),(131,73,'Mr. London Auer DVM','Eum ut nostrum unde eum qui magnam voluptatibus. Quibusdam occaecati inventore molestias suscipit. Itaque aut modi accusamus quia.',5,'2018-07-01 08:55:26','2018-07-01 08:55:26'),(132,141,'Prof. Franz Wolff','Nulla est cum aut doloremque pariatur et. Sit quo corporis voluptate iusto et. Pariatur nihil aperiam ad omnis aut perferendis. Unde harum maxime aut maiores dolore perferendis.',0,'2018-07-01 08:55:26','2018-07-01 08:55:26'),(133,165,'Tremaine Waelchi Jr.','Aut porro incidunt illum veritatis libero quas sint molestiae. Quia ut quod adipisci rerum nam officiis hic saepe. Omnis et ut voluptas culpa.',2,'2018-07-01 08:55:26','2018-07-01 08:55:26'),(134,44,'Cordell Osinski II','Ut quasi in nam adipisci minima quas dolorem libero. Quos non provident eveniet alias aut numquam deserunt perferendis. Consequuntur iste et error quos quia. Laudantium nulla sit qui dolorum.',3,'2018-07-01 08:55:26','2018-07-01 08:55:26'),(135,179,'Ms. Miracle Wehner Sr.','Ut exercitationem facere error porro sequi aut. Voluptatibus minima quis eaque esse tempore dolores eius. In nulla architecto cumque enim harum sit sit corrupti. Consequuntur facere ut sint ipsa amet magnam impedit.',4,'2018-07-01 08:55:26','2018-07-01 08:55:26'),(136,103,'Destiny Kutch','Ipsum vero amet earum impedit itaque odit ipsam natus. Nemo dolorum expedita maiores et in cumque magnam in. Sint laudantium hic pariatur rerum.',5,'2018-07-01 08:55:26','2018-07-01 08:55:26'),(137,113,'Tiffany Boehm','Deserunt nihil est quod qui doloribus unde laborum. Beatae ut quia adipisci et animi. Consectetur molestiae sit qui dignissimos vel.',5,'2018-07-01 08:55:26','2018-07-01 08:55:26'),(138,111,'Rosalind Hauck','Dolorem voluptatem corrupti quam quia. Earum illo ut cum provident illo eveniet. Nisi et odit rerum vel dolore aut. A quia esse quis qui. Ipsam voluptatem fuga corrupti in perferendis pariatur tempora.',1,'2018-07-01 08:55:26','2018-07-01 08:55:26'),(139,147,'Laurianne McClure Sr.','Enim totam aut nostrum ut. Pariatur suscipit sit quis. Unde non et officia repudiandae aliquid laudantium ex voluptatibus. Omnis nisi architecto illum reiciendis. Sit cum eius eius officiis dolorem unde.',5,'2018-07-01 08:55:26','2018-07-01 08:55:26'),(140,168,'Prof. Julien Bechtelar V','Ut nulla numquam non officiis. Qui sint veniam enim perspiciatis asperiores. Ad exercitationem laudantium esse repellat. Eius dignissimos hic in pariatur hic.',3,'2018-07-01 08:55:26','2018-07-01 08:55:26'),(141,51,'Dr. Dane Hilpert','Quod occaecati deserunt laboriosam pariatur. Commodi id deleniti nisi assumenda quos. Suscipit omnis quas saepe consequatur qui sunt ut.',5,'2018-07-01 08:55:26','2018-07-01 08:55:26'),(142,177,'Dr. Mozelle Volkman DVM','Ullam iusto mollitia sint eligendi enim. Consequuntur exercitationem dolor eum et. Est est quos blanditiis. Qui ducimus possimus placeat aut aperiam eos.',0,'2018-07-01 08:55:26','2018-07-01 08:55:26'),(143,53,'Richmond Powlowski','Error voluptas hic id unde quod quibusdam. Aliquam et et omnis. Qui unde inventore praesentium totam ratione voluptate consequuntur. Nulla ea qui similique aperiam aut.',4,'2018-07-01 08:55:26','2018-07-01 08:55:26'),(144,53,'Clarabelle Gorczany','Repellat rerum consequatur animi cupiditate quis debitis in. Dignissimos delectus maiores aliquid eaque qui soluta sit. Aut natus dolorem quidem ut ipsam. Debitis ut eligendi libero doloribus.',3,'2018-07-01 08:55:26','2018-07-01 08:55:26'),(145,91,'Mrs. Gregoria Hackett','Quo esse minima quod error hic quia doloribus. Et distinctio quod ducimus. Sunt facere numquam hic cum exercitationem et voluptas. Et sint adipisci repellendus.',1,'2018-07-01 08:55:26','2018-07-01 08:55:26'),(146,37,'Griffin Lang Jr.','Voluptatum animi quod voluptatem occaecati eum quis quisquam. Ratione facere minima non quibusdam. Rerum quo nostrum et ratione sequi velit odio. Nulla sed et mollitia voluptatem temporibus eum.',3,'2018-07-01 08:55:26','2018-07-01 08:55:26'),(147,108,'Mozelle Kuphal','Commodi voluptatem sunt optio nisi ut impedit modi. Aliquam dolorem eum autem ut odio non hic. Asperiores at est unde accusamus recusandae.',2,'2018-07-01 08:55:26','2018-07-01 08:55:26'),(148,82,'Whitney Hoeger','Veniam natus sit velit quam esse assumenda. Enim qui voluptatibus saepe. Incidunt quas velit saepe inventore voluptates deleniti. Laudantium nostrum ullam beatae at cum est omnis.',4,'2018-07-01 08:55:26','2018-07-01 08:55:26'),(149,136,'Dr. Lazaro Ebert Sr.','Error veniam ipsum odit hic. Qui sapiente officiis autem aliquam culpa blanditiis. Magnam consectetur et velit numquam provident molestiae provident.',2,'2018-07-01 08:55:26','2018-07-01 08:55:26'),(150,177,'Mrs. Gisselle O\'Connell','Nam officiis rerum sapiente deleniti quaerat. Aliquam praesentium excepturi ut deserunt. Debitis quod voluptatum harum assumenda. Magnam ratione voluptas eveniet incidunt ut. Voluptatum corporis maiores quia debitis id voluptas rem.',1,'2018-07-01 08:55:26','2018-07-01 08:55:26'),(151,42,'Green Robel Jr.','Hic eos minus excepturi architecto ipsam deleniti. Ipsa fugiat voluptas est veritatis aspernatur sit nam. Et qui pariatur et id dolores rem. Voluptatem aspernatur illum recusandae eius.',5,'2018-07-01 08:55:26','2018-07-01 08:55:26'),(152,138,'Kurtis Macejkovic V','Illum provident vel ratione aut minima qui. Laudantium voluptas id voluptatem perferendis. A rerum aut ut quo nihil.',0,'2018-07-01 08:55:26','2018-07-01 08:55:26'),(153,90,'Misael Lubowitz','Et ipsum voluptatem nulla ut omnis illo omnis. Et quas earum ut consectetur. Aut laborum dignissimos voluptas voluptatem sunt illum aperiam. Assumenda qui facilis magni blanditiis nihil incidunt.',0,'2018-07-01 08:55:26','2018-07-01 08:55:26'),(154,19,'Olin Larson','Incidunt dolor fugit harum est impedit. Consequatur est est nihil velit neque. Error enim provident reiciendis veritatis blanditiis quibusdam.',0,'2018-07-01 08:55:26','2018-07-01 08:55:26'),(155,99,'Ariel Nolan','Vel veniam ipsum dolorem. Autem consequatur aut laboriosam error sit. Illum enim rerum enim quas atque.',4,'2018-07-01 08:55:26','2018-07-01 08:55:26'),(156,149,'Virginie Weber IV','Est beatae debitis sunt repudiandae et. Ea ut quo iste ex nesciunt accusamus aliquam.',5,'2018-07-01 08:55:26','2018-07-01 08:55:26'),(157,111,'Davion Smitham','Vel quos distinctio occaecati et quasi sint in. Ratione voluptates et vitae necessitatibus debitis. Non assumenda saepe ut eius.',1,'2018-07-01 08:55:26','2018-07-01 08:55:26'),(158,3,'Dina Halvorson','Dolor sed adipisci sapiente consequatur. Dolores itaque possimus ut consequatur culpa atque quam. Ut sunt rem accusamus est.',4,'2018-07-01 08:55:26','2018-07-01 08:55:26'),(159,164,'Jovanny Lockman','Aut impedit et maxime culpa dolor inventore. Blanditiis occaecati est enim incidunt dolorem. Fuga est similique officiis provident nesciunt. Nihil dolor et quidem est et at tempora.',5,'2018-07-01 08:55:26','2018-07-01 08:55:26'),(160,155,'Jaeden Hintz','Ipsa nobis accusantium vel omnis sint facere et illum. Aliquid eum sunt fugit aliquam. Sed iure sint perspiciatis veniam blanditiis. Pariatur natus reiciendis dolore sint ipsam repellendus.',2,'2018-07-01 08:55:26','2018-07-01 08:55:26'),(161,125,'Elenora Mueller','Maiores eaque ut iste dicta possimus cum voluptatem. Magnam est ut ut. Consequatur quisquam nisi sequi ipsam. Enim quis ratione laborum exercitationem ut.',1,'2018-07-01 08:55:26','2018-07-01 08:55:26'),(162,161,'Loy Bogisich','Ut esse laboriosam qui laborum blanditiis aliquid. Doloribus aut est ut dolores corporis deserunt et.',1,'2018-07-01 08:55:26','2018-07-01 08:55:26'),(163,106,'Blanche Schowalter PhD','Incidunt dolor molestiae reiciendis et sapiente. Ad ad quo autem cum. Enim et doloribus voluptates consectetur quo natus aliquid sint.',3,'2018-07-01 08:55:26','2018-07-01 08:55:26'),(164,200,'Herman Robel III','Beatae ex amet autem vero sit. Doloremque facilis natus excepturi rem consequatur similique id. Incidunt laborum quia consequatur molestiae harum beatae. Quam aperiam animi in.',0,'2018-07-01 08:55:26','2018-07-01 08:55:26'),(165,99,'Christopher Carter','In voluptatem ut consequatur unde doloribus sed. Et similique consequatur neque architecto occaecati. Consequatur dolores doloribus accusantium dolorem qui est animi.',3,'2018-07-01 08:55:26','2018-07-01 08:55:26'),(166,85,'Sammie Botsford','Non occaecati soluta cumque omnis ipsum. Tenetur natus eos recusandae et enim ipsam. Odit omnis cumque recusandae quaerat est blanditiis error et.',1,'2018-07-01 08:55:26','2018-07-01 08:55:26'),(167,193,'Marjorie Reilly','Aliquid nemo qui et. Commodi voluptatem ducimus ratione inventore ea perferendis. Nihil minus sunt quisquam ipsam praesentium sit.',2,'2018-07-01 08:55:26','2018-07-01 08:55:26'),(168,121,'Margie Cassin','Pariatur dolores provident tenetur esse eaque sequi. Sit dolores minus vel quibusdam cumque id. Voluptates ut ea temporibus eum exercitationem nam quaerat. Libero possimus quibusdam doloribus amet non unde.',2,'2018-07-01 08:55:26','2018-07-01 08:55:26'),(169,3,'Prof. Reva Goldner V','Aut nesciunt veniam eligendi est accusantium. Consequatur at aperiam illo vel eveniet et. Quia in quae rem sit qui perspiciatis commodi omnis. Voluptas est eum autem pariatur unde.',0,'2018-07-01 08:55:26','2018-07-01 08:55:26'),(170,122,'Nayeli Kirlin','Sed eveniet ut accusantium. Accusamus amet recusandae placeat sed deleniti ut hic.',2,'2018-07-01 08:55:26','2018-07-01 08:55:26'),(171,199,'Greta Dibbert','Reprehenderit provident quasi quos eius ipsam quidem. Enim sed et quia porro. Est dolorem est necessitatibus et sit.',1,'2018-07-01 08:55:26','2018-07-01 08:55:26'),(172,91,'Prof. Ara Balistreri II','Quam dignissimos mollitia est tempora aut natus ipsa. Et illo adipisci delectus nihil. Molestiae fugiat saepe esse facilis nostrum fuga.',3,'2018-07-01 08:55:26','2018-07-01 08:55:26'),(173,35,'Rosemary Marks','Reprehenderit necessitatibus velit voluptates reprehenderit ut exercitationem. Qui adipisci alias molestiae non eius velit est. Necessitatibus ut excepturi ut. Voluptatum nam tempore aut occaecati maxime.',2,'2018-07-01 08:55:26','2018-07-01 08:55:26'),(174,48,'Elsa Paucek','Qui harum molestiae sit error tenetur quam quia. Et unde iure fugiat itaque quidem aut dignissimos. Quod reiciendis quis repellat explicabo esse ex expedita qui. Velit sed rem qui quis.',2,'2018-07-01 08:55:26','2018-07-01 08:55:26'),(175,199,'Haleigh Hettinger I','Sunt laudantium beatae nihil delectus. Eaque eos aut odio atque qui est quisquam. Voluptatibus quam et totam blanditiis.',5,'2018-07-01 08:55:26','2018-07-01 08:55:26'),(176,15,'Miss Magnolia Boyer DVM','Impedit sit voluptas enim architecto eius illo dolores. Beatae corrupti quia asperiores qui. Excepturi rerum tenetur ut quis fugiat.',2,'2018-07-01 08:55:26','2018-07-01 08:55:26'),(177,8,'Parker Pouros','Ipsum error ad sunt in. In similique mollitia error voluptas. Ut asperiores voluptatibus dolorum aspernatur libero doloremque.',5,'2018-07-01 08:55:26','2018-07-01 08:55:26'),(178,167,'Otis Prohaska','Odio tenetur soluta nesciunt consequuntur. Ut molestias doloribus est quod ad. Quo saepe voluptas enim ullam repellendus et.',2,'2018-07-01 08:55:26','2018-07-01 08:55:26'),(179,142,'Mrs. Gilda Kautzer','Ea at eum inventore inventore et autem accusantium nam. Laborum sint consectetur velit aut. Omnis autem placeat ipsa enim. Maiores quisquam quia ut vel occaecati harum.',5,'2018-07-01 08:55:26','2018-07-01 08:55:26'),(180,124,'Prof. Korey Gottlieb I','Tempore exercitationem est quidem distinctio. Quia autem exercitationem quae consequuntur eum. Vitae itaque architecto ipsa ea.',1,'2018-07-01 08:55:26','2018-07-01 08:55:26'),(181,197,'Miss Vincenza Vandervort','Et dicta expedita iusto. Tenetur non rerum possimus impedit reprehenderit non vel fugit.',0,'2018-07-01 08:55:26','2018-07-01 08:55:26'),(182,142,'Cristina Denesik','Nihil cumque culpa similique qui. Repellendus est consectetur nam minima beatae explicabo neque et. Aut voluptatem ab assumenda possimus voluptatem quo.',4,'2018-07-01 08:55:26','2018-07-01 08:55:26'),(183,58,'Alice Murazik','Architecto officia itaque voluptate aut ipsum eum necessitatibus. Minima totam repellendus occaecati rerum tempore necessitatibus. Ut cupiditate sequi quasi debitis qui.',5,'2018-07-01 08:55:26','2018-07-01 08:55:26'),(184,101,'Damian Yundt V','Qui est molestias repudiandae veritatis fugiat. Qui eligendi accusantium illum voluptas.',4,'2018-07-01 08:55:26','2018-07-01 08:55:26'),(185,46,'Ursula Graham','Sint accusantium reprehenderit aut similique nam ipsum vero et. Culpa et rerum perspiciatis. Accusamus architecto vel atque. Totam quia provident natus facere corrupti asperiores. Voluptatem atque consectetur repudiandae sed quo tempora quis.',5,'2018-07-01 08:55:26','2018-07-01 08:55:26'),(186,12,'Janis Hane','Dolore sapiente sed consequatur ab natus qui nihil. Rerum quisquam dicta molestiae enim. Voluptates a aliquam facilis perferendis tempora. Omnis accusamus mollitia aliquam.',5,'2018-07-01 08:55:26','2018-07-01 08:55:26'),(187,145,'Dr. Elouise Mayert','Voluptates occaecati ea ut quidem cum quas nesciunt. Qui vel voluptatem inventore iure voluptatem saepe aut. Et modi consequatur sunt maxime atque quia. Sit quia aliquid omnis explicabo sapiente eaque. Delectus eum quaerat repellendus enim sit est molestias.',5,'2018-07-01 08:55:26','2018-07-01 08:55:26'),(188,193,'Prof. Winfield Ankunding','Sed voluptatem error in nobis et ut. Perspiciatis sequi aut eos facere quos asperiores sit aliquid. Sed expedita consectetur nemo iure id consectetur. Repudiandae natus sint quia soluta sed qui.',5,'2018-07-01 08:55:26','2018-07-01 08:55:26'),(189,40,'Dr. Richie Hammes Sr.','Aut ut quis est iure voluptatem cumque. Repudiandae et sunt sunt sed minima est. Accusamus nesciunt exercitationem nihil ex est.',4,'2018-07-01 08:55:26','2018-07-01 08:55:26'),(190,50,'Ashton Willms V','Enim sit quia eos dolor eos velit. Rerum qui rem et beatae. Expedita eum iusto veritatis expedita nesciunt.',1,'2018-07-01 08:55:26','2018-07-01 08:55:26'),(191,81,'Mr. Clifford Adams','Rerum voluptatem exercitationem dolores iste dolor aspernatur sit. Sequi doloremque sed quam sunt delectus doloremque perspiciatis ad. Praesentium est est tempore animi nostrum odit sint asperiores.',4,'2018-07-01 08:55:26','2018-07-01 08:55:26'),(192,37,'Quentin Heaney','Temporibus repellat qui tempora. Praesentium sed vel quia eos voluptatem.',4,'2018-07-01 08:55:26','2018-07-01 08:55:26'),(193,121,'Martin Schneider','Pariatur et sit nemo minima non vel. Ea rerum sit odio sit dolores aut. In quia ad ea iste similique.',3,'2018-07-01 08:55:26','2018-07-01 08:55:26'),(194,194,'Margarette Klein','Reiciendis velit voluptas nisi earum eos nihil. Voluptas nihil totam ut voluptatibus ut vel et. Sed a quasi occaecati. Omnis a facere ea ut eius voluptatem.',4,'2018-07-01 08:55:26','2018-07-01 08:55:26'),(195,195,'Noemie Lesch','Vitae unde quaerat et fugit. Aperiam perspiciatis est sit. In possimus dolore sit et eos consequatur ut consectetur. Sit illo cum deleniti doloribus placeat adipisci et.',2,'2018-07-01 08:55:26','2018-07-01 08:55:26'),(196,115,'Ms. Letitia Jerde','Error rem dolores qui autem aspernatur quod. Velit dicta rerum quis facilis expedita et accusamus.',3,'2018-07-01 08:55:26','2018-07-01 08:55:26'),(197,58,'Justice Bechtelar','Aperiam ipsa qui consequatur molestias neque dolore quas. Magnam expedita quas esse. Reprehenderit et dolor illum non.',5,'2018-07-01 08:55:26','2018-07-01 08:55:26'),(198,161,'Julio Ward','Ipsa quo aliquam modi rerum perspiciatis. Culpa et enim voluptas est blanditiis tempora aut. Reiciendis dolor ut ut qui in culpa.',5,'2018-07-01 08:55:26','2018-07-01 08:55:26'),(199,121,'Dr. Sallie Turcotte DVM','Odit eos quis magnam quo. Voluptatem animi laboriosam magni dolorum. Deleniti quia officia deserunt quia.',2,'2018-07-01 08:55:26','2018-07-01 08:55:26'),(200,167,'Lindsey Shanahan','In modi nisi aut incidunt modi. Numquam aut in id quam numquam maiores. Animi hic autem labore illum. Dolorem minus ipsam inventore ipsa ab sapiente.',2,'2018-07-01 08:55:26','2018-07-01 08:55:26'),(201,170,'Lacy Wolff','Accusamus excepturi libero odit et dolor. Deserunt officia cum maiores repudiandae eaque. Inventore incidunt quia quo ipsa harum et. Similique recusandae et corporis provident dolorum in.',5,'2018-07-01 08:55:26','2018-07-01 08:55:26'),(202,26,'Deonte Orn','Cum voluptas sit provident. Quo est corporis autem ratione magnam odit qui molestias. Quia qui tenetur nihil commodi.',5,'2018-07-01 08:55:26','2018-07-01 08:55:26'),(203,31,'Mr. Caden Jacobi IV','Omnis ullam fugit unde dolores ad cumque expedita nihil. Unde distinctio voluptas aut expedita incidunt dolorem. Ut et commodi repellat doloremque laborum.',3,'2018-07-01 08:55:26','2018-07-01 08:55:26'),(204,131,'Rodrick Tromp','Est est fugit temporibus placeat non nisi. Eos praesentium exercitationem occaecati nostrum quia distinctio aut.',1,'2018-07-01 08:55:26','2018-07-01 08:55:26'),(205,31,'Rosetta Heathcote','Occaecati sunt atque esse voluptatem laudantium. Totam voluptas qui hic rerum earum possimus. Nesciunt eaque aut saepe magnam qui nesciunt. Quaerat optio at rem quo laboriosam facilis.',2,'2018-07-01 08:55:26','2018-07-01 08:55:26'),(206,104,'Rolando O\'Reilly','Nam eveniet quam tempora expedita veniam modi ullam. Neque dolore corporis est et cum adipisci quidem. Officia nisi et sunt rerum. Aut reiciendis tempore aut.',1,'2018-07-01 08:55:26','2018-07-01 08:55:26'),(207,74,'Prof. Shanie Renner','Iure quae qui quia dolorem. Blanditiis qui rerum cum vitae eos iste placeat. Quia rerum error id quod esse fugiat sed. Enim necessitatibus fugit adipisci et omnis minus fuga.',0,'2018-07-01 08:55:26','2018-07-01 08:55:26'),(208,4,'Lea Lang III','Quia modi corporis omnis quaerat deserunt beatae ea. Et ut necessitatibus dolorem officia nulla aut.',3,'2018-07-01 08:55:26','2018-07-01 08:55:26'),(209,124,'Earnest Towne','Omnis ut est sed est laboriosam. Odio et unde eum ducimus vero sapiente. Non minima ab voluptas sed. Iure accusantium et cum reprehenderit quia.',2,'2018-07-01 08:55:26','2018-07-01 08:55:26'),(210,70,'Dan Rowe','Soluta assumenda omnis perspiciatis totam neque. Eius omnis adipisci ut aut non mollitia enim. Assumenda aut voluptatibus hic rerum. Inventore et eligendi amet sit dicta.',3,'2018-07-01 08:55:26','2018-07-01 08:55:26'),(211,166,'Rowena Bernier MD','Sint non est voluptas. Repellat ea commodi similique corporis modi sed nemo. Voluptatem voluptatem fuga sint accusantium quisquam placeat praesentium vel.',3,'2018-07-01 08:55:26','2018-07-01 08:55:26'),(212,90,'Reva Braun','Deleniti et consectetur excepturi distinctio voluptatem delectus ut. Eos molestiae in et sed reprehenderit. Molestiae maxime harum vel quae corporis. Iure rerum ut aut non ut atque aliquam.',1,'2018-07-01 08:55:26','2018-07-01 08:55:26'),(213,158,'Jonatan Wisozk','Quia molestiae qui dolor omnis. Dolorem veniam nemo consequatur voluptatem quis quidem id pariatur. Quaerat tempore in labore debitis aliquam dolorem est. Aut et voluptates quia.',0,'2018-07-01 08:55:26','2018-07-01 08:55:26'),(214,19,'Pearl Harvey','Facilis consectetur atque velit natus molestiae quaerat aut. Iure consequatur nobis sint aspernatur a nihil qui. Deserunt assumenda non architecto consectetur odit.',1,'2018-07-01 08:55:26','2018-07-01 08:55:26'),(215,95,'Cristal Wisoky Sr.','Incidunt quia deserunt ratione velit iste debitis. Et sed quibusdam dolorum laborum ullam odio. Excepturi cupiditate quis facere repellendus atque.',5,'2018-07-01 08:55:26','2018-07-01 08:55:26'),(216,35,'Maurine Cronin','Magnam incidunt distinctio nobis ullam suscipit. Aut ea officia aut eaque mollitia. Earum nisi voluptatem quidem doloribus. Dolorem repudiandae commodi optio.',3,'2018-07-01 08:55:26','2018-07-01 08:55:26'),(217,77,'Taryn King','Possimus officiis similique vitae recusandae necessitatibus. Et ut molestiae mollitia adipisci. Explicabo qui numquam numquam est. Debitis amet doloribus rerum incidunt distinctio.',0,'2018-07-01 08:55:26','2018-07-01 08:55:26'),(218,144,'Amy Conn','Qui est repellendus itaque aut inventore qui. Repudiandae cumque consectetur aut nihil. Repellat aspernatur quod dolores maiores sequi sint excepturi.',1,'2018-07-01 08:55:26','2018-07-01 08:55:26'),(219,61,'Easton Hodkiewicz','Sint qui eius necessitatibus quasi nulla similique sit. Saepe ut rerum aut. Sed facilis vel quae natus quaerat doloribus ut.',0,'2018-07-01 08:55:26','2018-07-01 08:55:26'),(220,93,'Elsie Tromp IV','Labore est quia pariatur eaque. Mollitia dolores nisi est aut nam.',4,'2018-07-01 08:55:26','2018-07-01 08:55:26'),(221,152,'Kassandra Daugherty DDS','Non itaque nemo nulla est voluptates. Sapiente et possimus delectus quis placeat. Laudantium facere distinctio vitae sint excepturi vel fugit at. Perferendis et molestias omnis labore.',5,'2018-07-01 08:55:26','2018-07-01 08:55:26'),(222,67,'Lola Williamson','Sit et ut fuga perspiciatis harum quae. Eos ut libero quia cumque sint non. Aut nostrum aperiam voluptatem at odio veritatis ut voluptatum.',4,'2018-07-01 08:55:26','2018-07-01 08:55:26'),(223,194,'Dr. Florian Waters','Quia in dolore non qui placeat. Qui expedita pariatur vel quia architecto numquam vel voluptatem. Non vero dignissimos voluptatum eveniet voluptas ipsa minima. Quis sit veniam magnam qui nulla.',5,'2018-07-01 08:55:26','2018-07-01 08:55:26'),(224,62,'Mrs. Ocie O\'Conner','Voluptas itaque alias eum possimus ex accusantium velit tempora. Magni assumenda et est. Vel et sit est rerum incidunt odio. Id unde eaque nulla sed. Accusantium quia accusamus et corrupti.',1,'2018-07-01 08:55:26','2018-07-01 08:55:26'),(225,183,'Avery Raynor','Possimus pariatur cum aliquid et dolor illo cum. Enim nihil repudiandae et iusto quia praesentium sunt dolor. Officiis harum vel consequatur fuga culpa.',1,'2018-07-01 08:55:26','2018-07-01 08:55:26'),(226,138,'Ashly Turcotte','Et iure harum dicta porro qui inventore corporis. Suscipit eaque voluptatem voluptatem voluptas ut sit assumenda. Deleniti deserunt qui ipsum dolorem eos qui molestiae at. Voluptas consequatur consequatur in architecto molestiae et totam.',0,'2018-07-01 08:55:26','2018-07-01 08:55:26'),(227,187,'Edd Jakubowski','Libero ex porro voluptatem aperiam explicabo. Totam beatae culpa numquam voluptas cupiditate. Accusamus ut consectetur et dignissimos. Dolorem rerum quia rerum sed et incidunt. Totam ullam ut et ipsa qui ut mollitia.',1,'2018-07-01 08:55:26','2018-07-01 08:55:26'),(228,39,'Greg Stehr','Eum ullam sint tempora omnis facilis ipsum. Quis totam provident magnam in recusandae et enim nostrum. Ratione sed rerum id mollitia.',2,'2018-07-01 08:55:26','2018-07-01 08:55:26'),(229,111,'Jadon Jerde DDS','Consequatur aut ratione vel doloremque id. Quas maxime consequuntur vitae laboriosam perspiciatis tempora. Aspernatur minima et ut vero aut rem. Mollitia non et nihil architecto voluptatem nam sed.',4,'2018-07-01 08:55:26','2018-07-01 08:55:26'),(230,97,'Fernando Donnelly','Sit odio ullam laudantium atque. Quo aut sit saepe ratione optio assumenda pariatur mollitia.',4,'2018-07-01 08:55:26','2018-07-01 08:55:26'),(231,7,'Katharina Purdy','Iste at voluptas adipisci laboriosam. Et blanditiis quis sed reprehenderit consectetur. Ut dignissimos modi nihil est ut consequatur repellendus.',1,'2018-07-01 08:55:26','2018-07-01 08:55:26'),(232,144,'Susanna Parisian','Dolores distinctio in itaque ea. Voluptas repellat incidunt tenetur qui. Quia veniam et et sed occaecati deserunt iste. Officia voluptatum at recusandae facilis.',3,'2018-07-01 08:55:26','2018-07-01 08:55:26'),(233,184,'Prof. Kaci Quitzon Jr.','Ab consequatur asperiores commodi. Ut et et corrupti qui atque voluptas quos. Rerum suscipit alias et sint nostrum. Omnis ea dicta et sed rem molestiae aut.',3,'2018-07-01 08:55:26','2018-07-01 08:55:26'),(234,155,'Jerad Larson','Sunt nisi quam aut et assumenda. Facere neque iste pariatur sequi similique. Esse sed quaerat ducimus. Officia est ex dignissimos et nihil et optio quo. Distinctio nulla a sint amet dignissimos iusto.',2,'2018-07-01 08:55:26','2018-07-01 08:55:26'),(235,39,'Dr. Jacques Feeney Jr.','Sit illum sunt adipisci possimus. Est culpa nihil deserunt cumque corrupti rem. Sint sint omnis est amet incidunt rem. Alias fugit quo mollitia excepturi sed dolores.',0,'2018-07-01 08:55:26','2018-07-01 08:55:26'),(236,137,'Prof. Ara Kshlerin II','Saepe non cum non et quis quam. Ipsam eius neque sed impedit est. Maxime consectetur numquam ut maiores commodi.',2,'2018-07-01 08:55:26','2018-07-01 08:55:26'),(237,172,'Alisha Williamson','Et quia eaque omnis dolores et. Dignissimos ipsam maiores architecto inventore esse et quasi. Ut eaque nihil et animi.',1,'2018-07-01 08:55:26','2018-07-01 08:55:26'),(238,115,'Prof. Terrell Hauck PhD','Aliquid eum id praesentium commodi. Alias omnis dolor deleniti porro. Non repellendus soluta quae ea et. Quo ut fugiat recusandae porro enim cumque.',2,'2018-07-01 08:55:26','2018-07-01 08:55:26'),(239,118,'Jayden Brakus IV','Rerum rerum error culpa ad. Sint atque ut omnis rerum sed eaque cupiditate.',4,'2018-07-01 08:55:26','2018-07-01 08:55:26'),(240,44,'Adelle Collins','Ea eaque aut in sint voluptas perspiciatis consequuntur. Modi reprehenderit neque totam illo quia. Nesciunt eveniet reprehenderit dolores voluptates rerum maiores.',4,'2018-07-01 08:55:26','2018-07-01 08:55:26'),(241,190,'Triston Buckridge','Consequuntur laborum iste et natus illum quia. Provident accusantium magni placeat ad nisi voluptatibus magni. Voluptatibus numquam dolores eaque qui itaque quam et. Quo perferendis voluptatum quia velit quo sint.',1,'2018-07-01 08:55:26','2018-07-01 08:55:26'),(242,71,'Oceane Morar','Aut et molestias ea omnis consequatur aut. Debitis quibusdam et maxime qui unde. Quia delectus qui impedit beatae laborum.',3,'2018-07-01 08:55:26','2018-07-01 08:55:26'),(243,2,'Guiseppe Lubowitz','Explicabo natus ab consectetur repudiandae atque et nostrum quia. Tempore accusamus nesciunt numquam est. Dolor eos officia animi hic.',5,'2018-07-01 08:55:26','2018-07-01 08:55:26'),(244,131,'Prof. Monroe Bailey','Quod molestiae a qui dicta exercitationem consequatur. Dolorem incidunt esse a. Quis numquam vel reiciendis voluptatibus quod.',2,'2018-07-01 08:55:26','2018-07-01 08:55:26'),(245,152,'Ms. Antonina Yost','Occaecati ut quas quos quia. Beatae excepturi molestiae sed non. Molestiae assumenda qui minus occaecati incidunt. Et odit officiis at.',4,'2018-07-01 08:55:26','2018-07-01 08:55:26'),(246,101,'Mrs. Kylee Brakus Sr.','Sed quis laborum et ea quod ut ut. Est minima vitae temporibus vero doloribus. At non magni quo saepe illum molestias. Eligendi delectus ipsam et id ut quis.',2,'2018-07-01 08:55:26','2018-07-01 08:55:26'),(247,71,'Dr. Fay Lang','Non qui adipisci expedita repellat fugit aspernatur. Voluptatem officiis beatae aut error est impedit nesciunt quia. Ipsa repudiandae est nostrum aut nesciunt aut.',5,'2018-07-01 08:55:26','2018-07-01 08:55:26'),(248,72,'Mr. Green Botsford','Repellendus eaque et consequatur maiores odit sit incidunt enim. Maiores amet cupiditate aperiam asperiores vel. Sint autem ut vel iure reiciendis. Iusto deleniti suscipit doloribus aut soluta dicta molestiae.',1,'2018-07-01 08:55:26','2018-07-01 08:55:26'),(249,12,'Eleanore Stehr','Alias et suscipit provident occaecati. Consequatur corporis illum nemo quibusdam. Iusto consequuntur officiis consequatur est.',5,'2018-07-01 08:55:26','2018-07-01 08:55:26'),(250,87,'Cassandra Bayer PhD','Et hic quisquam est dicta et autem. Perspiciatis voluptatem iste nemo praesentium. Maxime praesentium sint eius commodi voluptatem voluptatem voluptatem.',2,'2018-07-01 08:55:26','2018-07-01 08:55:26'),(251,57,'Dahlia Runolfsdottir','Debitis voluptas ut veritatis id quae. Molestiae eveniet ut laboriosam voluptas. Sed et repudiandae alias quod aut. Omnis excepturi ea dolorum.',5,'2018-07-01 08:55:26','2018-07-01 08:55:26'),(252,52,'Prof. Carlo Beer','Omnis corporis consequatur praesentium recusandae. Ut est saepe aspernatur suscipit nemo nemo error. Ut quia alias dicta reprehenderit similique. Eum placeat quos dignissimos harum.',2,'2018-07-01 08:55:26','2018-07-01 08:55:26'),(253,186,'Dr. Percy Wiza Jr.','Velit qui amet minus adipisci. Quia rerum et nihil ea quae nisi eos.',5,'2018-07-01 08:55:26','2018-07-01 08:55:26'),(254,165,'Roosevelt D\'Amore','Nemo est amet rem voluptatem minima illo debitis. Id nihil dolor quae. Asperiores fugit ullam praesentium dolorem velit debitis accusantium. Ipsa adipisci ipsam nihil modi quia id aut ea.',0,'2018-07-01 08:55:26','2018-07-01 08:55:26'),(255,1,'Mr. Dock Franecki DVM','Ut nihil consequatur eos voluptatem. Minus distinctio est accusantium quidem sit. Asperiores est est illum natus at dignissimos.',3,'2018-07-01 08:55:26','2018-07-01 08:55:26'),(256,171,'Terrill Heathcote MD','Saepe quisquam voluptatem fugit voluptas nihil non. Itaque ut ducimus eveniet at odit et.',5,'2018-07-01 08:55:26','2018-07-01 08:55:26'),(257,54,'Shane Nicolas','Eum rerum rem id magni reprehenderit quaerat veritatis. Aliquam architecto quam quia maxime sequi. Nemo asperiores omnis alias quia debitis. Libero dolores sint adipisci quibusdam et. Harum necessitatibus dolor sed inventore.',5,'2018-07-01 08:55:26','2018-07-01 08:55:26'),(258,83,'Tomas Hirthe','Ut odit culpa quisquam iusto est quae ut. Natus praesentium necessitatibus laboriosam quam eaque. Sed ipsam voluptatem aut assumenda soluta. Voluptatem non est quia aliquid quibusdam quas.',4,'2018-07-01 08:55:26','2018-07-01 08:55:26'),(259,101,'Terrell Braun','Odio quod in doloribus recusandae. Suscipit doloremque beatae quidem sed optio esse occaecati.',3,'2018-07-01 08:55:26','2018-07-01 08:55:26'),(260,131,'Miss Claire Yundt','Dolorem sed maxime ipsa dolore expedita quas sint. Fugit veritatis vel totam ut et quidem. A quibusdam minima magnam iusto excepturi quia. Fugit quia id voluptas et quibusdam sed sequi.',4,'2018-07-01 08:55:26','2018-07-01 08:55:26'),(261,43,'Mr. Demario Lynch PhD','Distinctio id dicta et vel sunt laudantium iste. Voluptas perspiciatis et et ipsa similique ratione corporis. Nam sapiente eveniet mollitia veritatis molestiae totam. Debitis inventore magni temporibus sequi natus.',2,'2018-07-01 08:55:26','2018-07-01 08:55:26'),(262,186,'Roosevelt Conn','Dicta dolorem deserunt consectetur aut delectus. Ab reprehenderit et facere ut quis. Vel in hic et et at. In necessitatibus vel ipsum velit numquam est commodi. Commodi temporibus fugiat harum.',0,'2018-07-01 08:55:26','2018-07-01 08:55:26'),(263,1,'Dr. Rhiannon Harris','Ea consequuntur sunt rem quo quia. Eius ut laborum corporis aliquam. Non omnis praesentium voluptatem qui. Nemo quo id expedita excepturi illo repellendus excepturi ducimus.',3,'2018-07-01 08:55:26','2018-07-01 08:55:26'),(264,42,'Dr. Gladys Braun','Vel dolores voluptatibus rerum et hic. Perferendis saepe dolor molestiae aut quo dolore accusantium reiciendis. Architecto eveniet perferendis et ut quis. Est rerum provident optio vero porro sequi iusto.',5,'2018-07-01 08:55:26','2018-07-01 08:55:26'),(265,152,'Reilly Frami','Ducimus eum dolorem labore odit totam minima inventore. Dolorum sed saepe ut eos fugiat. Sequi magnam qui molestias quasi eos sit.',5,'2018-07-01 08:55:26','2018-07-01 08:55:26'),(266,7,'Prof. Irwin Raynor','Ut sit similique facere alias accusamus. Eum et ipsa quae minus officia incidunt sint. Aut accusamus fugiat accusantium error minima ut nemo.',4,'2018-07-01 08:55:26','2018-07-01 08:55:26'),(267,72,'Kayleigh Langworth','Enim sed nisi vitae iste. Facilis dolores incidunt distinctio fugiat asperiores illum. Facilis est nisi minima pariatur.',0,'2018-07-01 08:55:26','2018-07-01 08:55:26'),(268,179,'Mr. Parker Koss DVM','Omnis autem laudantium ex provident at vel. Commodi rerum nemo et quae esse quos. Exercitationem maiores aliquam nihil odio tempore. Velit harum non fugit ipsam quia aut est id.',5,'2018-07-01 08:55:26','2018-07-01 08:55:26'),(269,65,'Rowan Shields','Minus illum at rerum rerum maiores earum. Blanditiis voluptas et quaerat quam repudiandae velit molestiae aut. Quisquam accusamus accusamus soluta nihil libero sint totam. Sapiente dolor quo consequatur ullam voluptate.',0,'2018-07-01 08:55:26','2018-07-01 08:55:26'),(270,140,'Melody Watsica','Maxime sit eius sed ducimus rerum minus distinctio. Ut delectus minus accusamus. Sint impedit est illo modi nam error.',5,'2018-07-01 08:55:26','2018-07-01 08:55:26'),(271,64,'Ms. Candice Muller MD','Ipsum quaerat ea iusto accusamus. Modi delectus itaque nam maiores blanditiis quo corporis distinctio. Qui dolore voluptatem dolor sapiente et iusto voluptatem quae.',1,'2018-07-01 08:55:26','2018-07-01 08:55:26'),(272,175,'Dr. Norene Strosin II','Illo consectetur asperiores ipsam officia nihil. Voluptates eum odio aut laborum eum voluptas adipisci. Expedita aut et aspernatur modi voluptatibus dolorem. Quia mollitia quibusdam ut nihil et.',1,'2018-07-01 08:55:26','2018-07-01 08:55:26'),(273,129,'Art Moore','Qui excepturi minus aut eaque. Tenetur quos harum eveniet officiis.',3,'2018-07-01 08:55:26','2018-07-01 08:55:26'),(274,14,'Nickolas Baumbach','Laborum et ad aut architecto. Dolorum ea eaque vitae rem temporibus maiores. Non officia dolore quia eius sed consequatur est. Esse similique in enim eos.',3,'2018-07-01 08:55:26','2018-07-01 08:55:26'),(275,68,'Daphne Botsford PhD','Omnis voluptas et qui. Odit asperiores sint consequatur. Est dicta ab aut natus dolorem totam delectus.',0,'2018-07-01 08:55:26','2018-07-01 08:55:26'),(276,27,'Elinore O\'Hara','Mollitia itaque distinctio consequatur. Ipsa dolorem itaque quis cupiditate quia. Sint consequuntur rerum molestiae amet sunt maiores.',3,'2018-07-01 08:55:26','2018-07-01 08:55:26'),(277,130,'Jody Powlowski','Asperiores quod aut vel mollitia omnis. Cum non libero aliquid. Fugit magnam minima rem exercitationem omnis ea modi.',1,'2018-07-01 08:55:26','2018-07-01 08:55:26'),(278,47,'Leonor Zemlak V','Delectus pariatur inventore necessitatibus consequatur quis quos. Ducimus et ipsam optio et qui ipsa occaecati quia. Aut rerum pariatur ipsam vel. Suscipit aut aspernatur nostrum perferendis rem.',4,'2018-07-01 08:55:26','2018-07-01 08:55:26'),(279,40,'Vance Pagac','Dolorem aperiam occaecati rerum voluptatem. Molestias nemo repellendus officiis illum sed provident molestiae. Voluptatem quis quia nostrum nostrum. Explicabo incidunt qui doloribus itaque.',0,'2018-07-01 08:55:26','2018-07-01 08:55:26'),(280,181,'Duane Hirthe','Ut qui consequatur dolorum asperiores vitae. Et odit rem sunt et provident autem explicabo. Molestias rerum consequuntur voluptatibus rerum exercitationem.',5,'2018-07-01 08:55:26','2018-07-01 08:55:26'),(281,67,'Mozelle Goyette','Voluptatibus eligendi tempore consequatur temporibus. Reiciendis labore velit consectetur. Est temporibus beatae nostrum et velit est.',2,'2018-07-01 08:55:26','2018-07-01 08:55:26'),(282,96,'Audra Weissnat','Iste aperiam sed reprehenderit aut. Tempore quia quia sunt consequatur neque.',4,'2018-07-01 08:55:26','2018-07-01 08:55:26'),(283,59,'June Schuster','Nihil reiciendis sint velit ipsum nostrum ut sequi eveniet. Et libero neque consectetur aut temporibus architecto assumenda. Sequi corporis nam temporibus sed eum mollitia.',4,'2018-07-01 08:55:26','2018-07-01 08:55:26'),(284,100,'Prof. Luz Eichmann PhD','Saepe quis eum possimus et eum magni saepe. Aut laborum saepe harum aliquid velit corrupti totam quos. Non et error atque voluptates nesciunt eligendi.',1,'2018-07-01 08:55:26','2018-07-01 08:55:26'),(285,43,'Estevan Waters','Dolores eum iure velit ducimus quo sapiente minima. Quam quae vitae porro expedita.',3,'2018-07-01 08:55:26','2018-07-01 08:55:26'),(286,188,'Dolly Crona','Ipsa nisi voluptatem dolores quia totam soluta. Facilis delectus ut atque autem recusandae eveniet enim. Consectetur quae eos aut numquam eius qui.',1,'2018-07-01 08:55:26','2018-07-01 08:55:26'),(287,173,'Houston Swift','Non debitis provident eum aliquid. Nam debitis nostrum iste id deserunt.',5,'2018-07-01 08:55:26','2018-07-01 08:55:26'),(288,73,'Johnson Wiegand','Magni nisi non voluptates facilis magnam enim velit. Ducimus maiores aut sunt doloremque at. Et rem aut saepe hic ipsum tenetur ipsa provident. Saepe et repudiandae ab quasi corporis et architecto magni.',2,'2018-07-01 08:55:26','2018-07-01 08:55:26'),(289,127,'Mr. Manley Powlowski PhD','Et nemo non voluptas corrupti. Nostrum sunt numquam praesentium magnam.',4,'2018-07-01 08:55:26','2018-07-01 08:55:26'),(290,192,'Josephine Renner DDS','Et dolor et quisquam dolores sunt velit. Voluptatem illum earum velit illum totam reprehenderit omnis. Odit et est ut magni inventore. Tempore repudiandae officia repudiandae praesentium.',5,'2018-07-01 08:55:26','2018-07-01 08:55:26'),(291,153,'Elody Okuneva MD','Facere dolorem natus autem autem ducimus. Architecto veritatis eveniet et.',0,'2018-07-01 08:55:26','2018-07-01 08:55:26'),(292,9,'Adelia O\'Conner','Recusandae ut est sint numquam qui. Veritatis qui iste nulla eveniet. Tempora ut repudiandae qui maxime eligendi maxime qui enim. Libero eius voluptas sequi tempora eos enim nemo.',4,'2018-07-01 08:55:26','2018-07-01 08:55:26'),(293,149,'Ronaldo Roberts','Vel minima quis delectus alias dolorem. Quibusdam delectus dolor sed. Quod beatae sed sed ipsa veniam. Vitae repudiandae eligendi sunt eum.',5,'2018-07-01 08:55:26','2018-07-01 08:55:26'),(294,173,'Calista Franecki','Sunt nisi aut vel numquam voluptates. Hic placeat esse corrupti. Molestias quod dolorem quod.',5,'2018-07-01 08:55:26','2018-07-01 08:55:26'),(295,181,'Nathaniel Quitzon','Quia doloribus voluptate minima magnam. Velit repudiandae dolores ducimus molestiae. Voluptatem odio nesciunt perferendis sed quaerat sit. Nemo pariatur ratione ad laborum sint.',1,'2018-07-01 08:55:26','2018-07-01 08:55:26'),(296,160,'Kasey Moore III','Perspiciatis odit error autem. Voluptates consectetur dicta debitis. Qui fuga et voluptas hic dignissimos eligendi nihil molestiae.',4,'2018-07-01 08:55:26','2018-07-01 08:55:26'),(297,78,'Celine Predovic','Quia sapiente maiores illo. Sed explicabo est reprehenderit dolor qui animi nemo qui. Magnam rerum quia sed voluptatem at.',0,'2018-07-01 08:55:26','2018-07-01 08:55:26'),(298,96,'Triston Cassin II','Dolore nemo tenetur laborum numquam autem laboriosam minima. Tenetur nihil sapiente et vero quasi ducimus cupiditate. Ut repellat magnam veritatis aut maxime. Modi voluptate est optio eius porro.',5,'2018-07-01 08:55:26','2018-07-01 08:55:26'),(299,20,'Dr. Domenic Raynor Sr.','Ducimus id modi explicabo accusantium omnis vel. Et dolorem sapiente sed fugit. Consequatur velit ab omnis ea voluptatibus.',1,'2018-07-01 08:55:26','2018-07-01 08:55:26'),(300,195,'Bethany Dooley','Eos consequatur dolore consequuntur repellat sint cumque quo. Ab consequuntur quod eos aperiam.',1,'2018-07-01 08:55:26','2018-07-01 08:55:26');

#
# Structure for table "users"
#

DROP TABLE IF EXISTS `users`;
CREATE TABLE `users` (
  `id` int(10) unsigned NOT NULL AUTO_INCREMENT,
  `name` varchar(255) COLLATE utf8mb4_unicode_ci NOT NULL,
  `email` varchar(255) COLLATE utf8mb4_unicode_ci NOT NULL,
  `password` varchar(255) COLLATE utf8mb4_unicode_ci NOT NULL,
  `remember_token` varchar(100) COLLATE utf8mb4_unicode_ci DEFAULT NULL,
  `created_at` timestamp NULL DEFAULT NULL,
  `updated_at` timestamp NULL DEFAULT NULL,
  PRIMARY KEY (`id`),
  UNIQUE KEY `users_email_unique` (`email`)
) ENGINE=InnoDB DEFAULT CHARSET=utf8mb4 COLLATE=utf8mb4_unicode_ci;

#
# Data for table "users"
#

